,Supermercado,Marca,Producto,Precio,Categoria,Enlace,Fecha
0,Unimarc,Palmipasta,Tallarín De Palmitos Palmipasta 400 G,3890,Tallarín,https://www.unimarc.cl/product/palmitos-forma-tallarin-palmipasta-400gr,2024-09-30
1,Unimarc,El Triunfo,Fideos El Triunfo Para Tallarín Salteado 250 G,2940,Tallarín,https://www.unimarc.cl/product/fideos-p-tallarin-salt-el-triunfo-250-gr,2024-09-30
2,Unimarc,Carozzi,Pasta Spaghetti N° 5 Carozzi 400 G,660,Tallarín,https://www.unimarc.cl/product/carozzi-spaghetti-n-5-400-g,2024-09-30
3,Unimarc,Carozzi,Pasta Tallarines N° 87 Carozzi 400 G,660,Tallarín,https://www.unimarc.cl/product/tallarines-87-carozzi-400-gr,2024-09-30
4,Unimarc,Talliani,Pasta Spaghetti N° 5 Talliani Al Huevo 400 G,975,Tallarín,https://www.unimarc.cl/product/talliani-spaghetti-n-5-al-huevo-400-g,2024-09-30
5,Unimarc,Talliani,Pasta Tallarines N° 77 Talliani Al Huevo 400 G,975,Tallarín,https://www.unimarc.cl/product/tallarines-77-talliani-400-gr,2024-09-30
6,Unimarc,Lucchetti,Pasta Spaghetti N° 5 Lucchetti 400 G,1090,Tallarín,https://www.unimarc.cl/product/lucchetti-spaghetti-n-5-400-g,2024-09-30
7,Unimarc,Nuestra Cocina,Pasta Tallarines 77 Nuestra Cocina 400 G,760,Tallarín,https://www.unimarc.cl/product/pasta-nuestra-cocina-400-tallarines-77,2024-09-30
8,Unimarc,Carozzi,Pasta Spaghetti N° 5 Carozzi Tricolor 400 G,850,Tallarín,https://www.unimarc.cl/product/carozzi-spaghetti-n-5-tricolor-400-g,2024-09-30
9,Unimarc,Carozzi,Pasta Spaghetti Integral Carozzi 400 G,780,Tallarín,https://www.unimarc.cl/product/spaghetti-integral-carozzi-400-gr,2024-09-30
10,Unimarc,Carozzi,Pasta Tallarines N° 87 Carozzi Con Espinaca 400 G,850,Tallarín,https://www.unimarc.cl/product/carozzi-tallarines-n-87-con-espinaca-400-g,2024-09-30
11,Unimarc,1881,Pasta Spaghetti N°5 1881 Bolsa 500 G,1000,Tallarín,https://www.unimarc.cl/product/spaghetti-bio-organic-1881-500-gr,2024-09-30
12,Unimarc,1881,Pasta Spaghetti N° 5 1881 500 G,1000,Tallarín,https://www.unimarc.cl/product/fideo-spaghetti-n5-1881-500-gr,2024-09-30
13,Unimarc,Nestle,Picado Nestlé Naturnes Porotos Con Tallarines 215 G,1547,Tallarín,https://www.unimarc.cl/product/alim-picado-porotos-c-tallar-nestle-215g,2024-09-30
14,Unimarc,Merkat,Pasta Spaghetti N°5 Merkat 400 G,510,Tallarín,https://www.unimarc.cl/product/spaghetti-n-5-merkat-400-gr,2024-09-30
15,Unimarc,Lucchetti,Pasta Tallarines Nº 77 Lucchetti 400 G,1090,Tallarín,https://www.unimarc.cl/product/tallarines-lucchetti-400-gr,2024-09-30
16,Unimarc,Barilla,Spaghetti N°5 Barilla Sin Gluten 400 G,3140,Tallarín,https://www.unimarc.cl/product/spaghetti-5-sin-gluten-barilla-400-gr,2024-09-30
17,Unimarc,Barilla,Pasta Spaghetti N° 5 Barilla 500 G,1940,Tallarín,https://www.unimarc.cl/product/spaguetti-5-barilla-500-gr,2024-09-30
18,Unimarc,Barilla,Pasta Spaghetti N°5 Barilla Integral 500 G,2380,Tallarín,https://www.unimarc.cl/product/spaghetti-integral-barilla-500-gr,2024-09-30
19,Unimarc,Nutregal,Pasta Spaghetti N°5 Nutregal 400 G,510,Tallarín,https://www.unimarc.cl/product/spaghetti-n5-nutregal-400-gr,2024-09-30
20,Unimarc,Trattoria,Pasta Spaghetti N° 5 Trattoría Al Huevo 400 G,1270,Tallarín,https://www.unimarc.cl/product/spaghetti-5-al-huevo-trattoria-400-gr,2024-09-30
21,Unimarc,Merkat,Pasta Tallarines N°77 Merkat 400 G,510,Tallarín,https://www.unimarc.cl/product/pasta-tallarines-n-77-merkat-400-g,2024-09-30
22,Unimarc,1881,Pasta Spaghetti N°5 1881 Integral 500 G,1770,Tallarín,https://www.unimarc.cl/product/spaghetti-5-integral-1881-500-gr,2024-09-30
23,Unimarc,Nutregal,Pasta Tallarines N° 87 Nutregal 400 G,510,Tallarín,https://www.unimarc.cl/product/tallarin-87-nutregal-400-gr,2024-09-30
24,Unimarc,Vivo,Pasta Spaghetti N° 5 Vivo 350 G,1280,Tallarín,https://www.unimarc.cl/product/spaghetti-5-vivo-350-gr,2024-09-30
25,Unimarc,Lucchetti,Pasta Spaghetti N° 5 Lucchetti Integral 400 G,1210,Tallarín,https://www.unimarc.cl/product/spaghetti-5-integral-lucchetti-400-gr,2024-09-30
26,Unimarc,Trattoria,Pasta Tallarines N° 87 Al Huevo Trattoria 400 G,1270,Tallarín,https://www.unimarc.cl/product/tallarines-87-huevo-trattoria-400-gr,2024-09-30
27,Unimarc,Moccagatta,Pasta Spaghetti Moccagatta Al Bronce 400 G,1390,Tallarín,https://www.unimarc.cl/product/spaghetti-al-bronce-moccagatta-400-gr,2024-09-30
28,Unimarc,Lucchetti,Pasta Spaghetti N° 5 Lucchetti Sin Gluten 400 G,2660,Tallarín,https://www.unimarc.cl/product/pasta-spaghetti-s-gluten-luccheti-400gr,2024-09-30
29,Unimarc,My Way,Palmitos My Way Corte Spaghetti Lata 400 G,2760,Tallarín,https://www.unimarc.cl/product/palmitos-my-way-400-gr-corte-spaghetti,2024-09-30
30,Unimarc,Vivo,Pasta Spaghetti Vivo Sin Gluten 250 G,2660,Tallarín,https://www.unimarc.cl/product/spaghetti-sin-gluten-vivo-250-gr,2024-09-30
31,Unimarc,Esmeralda,Palmitos Esmeralda Tipo Spaghetti Lata 400 G,3580,Tallarín,https://www.unimarc.cl/product/palmitos-tipo-spaghetti-esmeralda-400gr,2024-09-30
32,Unimarc,Carozzi,Pasta Spaghetti N°5 Carozzi 1 Kg,3210,Tallarín,https://www.unimarc.cl/product/carozzi-spaghetti-n-5-1-kg,2024-09-30
33,Santa Isabel,Cuisine & Co,Spaghetti 100% Trigo Duro 400 G,970,Tallarín,https://www.santaisabel.cl/spaghetti-100-trigo-duro-400-g-1922153/p,2024-09-30
34,Santa Isabel,Carozzi,Pasta Spaghetti N°5 Carozzi 400 G,1050,Tallarín,https://www.santaisabel.cl/spaghetti-n-5-carozzi-bolsa-400-g-2/p,2024-09-30
35,Santa Isabel,Lucchetti,Spaghetti N°5 Lucchetti 400 G,777,Tallarín,https://www.santaisabel.cl/spaghetti-n-5-lucchetti-bolsa-400-g/p,2024-09-30
36,Santa Isabel,Máxima,Spaghetti N° 5 Máxima 400 G,530,Tallarín,https://www.santaisabel.cl/spaghetti-n-5-maxima-400-g-1757440/p,2024-09-30
37,Santa Isabel,Carozzi,Pasta Espiral N°49 Carozzi 400 G,1050,Tallarín,https://www.santaisabel.cl/espirales-carozzi-bolsa-400-g/p,2024-09-30
38,Santa Isabel,Cuisine & Co,Farfalle 100% Trigo Duro 400 G,970,Tallarín,https://www.santaisabel.cl/farfalle-100-trigo-duro-400-g-1922156/p,2024-09-30
39,Santa Isabel,Máxima,Espirales Máxima 400 G,530,Tallarín,https://www.santaisabel.cl/espirales-maxima-400-g-1757439/p,2024-09-30
40,Santa Isabel,Talliani,Spaghetti N°5 Talliani Al Huevo 400 G,1330,Tallarín,https://www.santaisabel.cl/spaghetti-n-5-talliani-bolsa-400-g-con-huevos-frescos/p,2024-09-30
41,Santa Isabel,Máxima,Tallarín N°77 Máxima 400 G,530,Tallarín,https://www.santaisabel.cl/tallarin-n-77-maxima-400-g-1757441/p,2024-09-30
42,Santa Isabel,Carozzi,Pack Spaghetti N°5 Carozzi 3 Un. 400 G + Salsa De Tomate 1 Un. 200 G,3370,Tallarín,https://www.santaisabel.cl/spaghetti-n-5-carozzi-pack-3-unid-400-g-c-u-salsa-italiana-200-g/p,2024-09-30
43,Santa Isabel,Lucchetti,Fideos Mostaccioli Lucchetti 400 G,777,Tallarín,https://www.santaisabel.cl/fideos-mostaccioli-400-g/p,2024-09-30
44,Santa Isabel,Carozzi,Pasta Corbata N°80 Carozzi 400 G,1050,Tallarín,https://www.santaisabel.cl/corbatas-carozzi-bolsa-400-g/p,2024-09-30
45,Santa Isabel,Carozzi,Pasta Tallarin N°87 Carozzi 400 G,1050,Tallarín,https://www.santaisabel.cl/tallarines-n-87-carozzi-bolsa-400-g-2/p,2024-09-30
46,Santa Isabel,Talliani,Espirales Talliani Al Huevo 400 G,1330,Tallarín,https://www.santaisabel.cl/espirales-talliani-bolsa-400-g/p,2024-09-30
47,Santa Isabel,Máxima,Corbatas Máxima 400 G,530,Tallarín,https://www.santaisabel.cl/corbatas-maxima-400-g-1757438/p,2024-09-30
48,Santa Isabel,Lucchetti,Espirales Proslow Lucchetti 400 G,777,Tallarín,https://www.santaisabel.cl/espirales-lucchetti-bolsa-400-g/p,2024-09-30
49,Santa Isabel,Talliani,Tallarín N°78 Talliani 400 G,1330,Tallarín,https://www.santaisabel.cl/tallarines-n-78-talliani-bolsa-400-g/p,2024-09-30
50,Santa Isabel,Lucchetti,Tallarín N°77 Lucchetti 400 G,777,Tallarín,https://www.santaisabel.cl/tallarines-n-77-lucchetti-bolsa-400-g/p,2024-09-30
51,Santa Isabel,Carozzi,Pasta Mostaccioli N°46 Carozzi 400 G,1050,Tallarín,https://www.santaisabel.cl/mostaccioli-carozzi-400-g/p,2024-09-30
52,Santa Isabel,Cuisine & Co,Penne 100% Trigo Duro 400 G,970,Tallarín,https://www.santaisabel.cl/penne-100-trigo-duro-400-g-1922155/p,2024-09-30
53,Santa Isabel,Carozzi,Pasta Tallarines N°87 Carozzi Espinaca 400 G,1170,Tallarín,https://www.santaisabel.cl/tallarines-n-87-espinaca-400-g/p,2024-09-30
54,Santa Isabel,Carozzi,Pasta Quifaro N°36 Carozzi 400 G,850,Tallarín,https://www.santaisabel.cl/quifaros-carozzi-bolsa-400-g-2/p,2024-09-30
55,Santa Isabel,Lucchetti,Corbatas Lucchetti 400 G,777,Tallarín,https://www.santaisabel.cl/corbatas-lucchetti-bolsa-400-g/p,2024-09-30
56,Santa Isabel,Cuisine & Co,Fusilli 100% Trigo Duro 400 G,970,Tallarín,https://www.santaisabel.cl/fusilli-100-trigo-duro-400-g-1922157/p,2024-09-30
57,Santa Isabel,Talliani,Tallarín N°77 Talliani 400 G,1330,Tallarín,https://www.santaisabel.cl/tallarines-n-77-talliani-bolsa-400-g-con-huevos-frescos/p,2024-09-30
58,Santa Isabel,Cuisine & Co,Spaghetti Vitaminizado 400 G,790,Tallarín,https://www.santaisabel.cl/spaghetti-vitaminizado-400-g-cuisine-and-co-1870148/p,2024-09-30
59,Santa Isabel,Talliani,Rigatti Talliani Al Huevo 400 G,1330,Tallarín,https://www.santaisabel.cl/rigati-talliani-bolsa-400-g-con-huevos-frescos/p,2024-09-30
60,Santa Isabel,Talliani,Farfalle Talliani Corbatas 400 G,1330,Tallarín,https://www.santaisabel.cl/farfalle-talliani-bolsa-400-g/p,2024-09-30
61,Santa Isabel,Lucchetti,Canutos Lucchetti 400 G,777,Tallarín,https://www.santaisabel.cl/canutos-lucchetti-bolsa-400-g/p,2024-09-30
62,Santa Isabel,Cuisine & Co,Espirales Vitaminizados 400 G,790,Tallarín,https://www.santaisabel.cl/espirales-vitaminizados-400-g-cuisine-and-co-1870151/p,2024-09-30
63,Santa Isabel,Lucchetti,Pack 3 Spaghetti Luchetti + Salsa Doypack 220 G,2604,Tallarín,https://www.santaisabel.cl/spaghetti-n-5-lucchetti-3-unid-400-g-c-u-salsa-de-tomates-italiana-200-g/p,2024-09-30
64,Santa Isabel,Carozzi,Pasta Spaghetti Tricolor Carozzi 400 G,1170,Tallarín,https://www.santaisabel.cl/spaghetti-n-5-carozzi-bolsa-400-g-tricolori-tomate-clasica-y-espinacas-2/p,2024-09-30
65,Santa Isabel,Carozzi,Pasta Fusilli Tricolor Carozzi 400 G,1170,Tallarín,https://www.santaisabel.cl/fusilli-carozzi-400-g-tricolori/p,2024-09-30
66,Santa Isabel,Carozzi,Pasta Fettuccine N°88 Carozzi 400 G,1050,Tallarín,https://www.santaisabel.cl/fettuccini-carozzi-bolsa-400-g-n-88/p,2024-09-30
67,Santa Isabel,Carozzi,Pasta Spaghetti N°3 Carozzi 400 G,1050,Tallarín,https://www.santaisabel.cl/spaghetti-n-3-carozzi-bolsa-400-g-2/p,2024-09-30
68,Santa Isabel,Cuisine & Co,Tallarín Vitaminizado 400 G,790,Tallarín,https://www.santaisabel.cl/tallarin-vitaminizado-400-g-cuisine-and-co-1870149/p,2024-09-30
69,Santa Isabel,Lucchetti,Espirales Tr3S Lucchetti 400 G,777,Tallarín,https://www.santaisabel.cl/espirales-lucchetti-bolsa-400-g-tr3s-tomate-natural-espinaca/p,2024-09-30
70,Santa Isabel,Talliani,Caracoles Talliani 400 G,1330,Tallarín,https://www.santaisabel.cl/caracoles-talliani-bolsa-400-g/p,2024-09-30
71,Santa Isabel,Carozzi,Pasta Rigatoni N°48 Carozzi 400 G,850,Tallarín,https://www.santaisabel.cl/rigatoni-carozzi-bolsa-400-g-2/p,2024-09-30
72,Santa Isabel,Cuisine & Co,Canutos Vitaminizados 400 G,790,Tallarín,https://www.santaisabel.cl/canutos-vitaminizados-400-g-cuisine-and-co-1870153/p,2024-09-30
73,Jumbo,Talliani,Spaghetti N°5 Talliani Al Huevo 400 G,1013,Tallarín,https://www.jumbo.cl/spaghetti-n-5-talliani-bolsa-400-g-con-huevos-frescos/p,2024-09-30
74,Jumbo,Cuisine & Co,Spaghetti 100% Trigo Duro 400 G,990,Tallarín,https://www.jumbo.cl/spaghetti-100-trigo-duro-c-and-co-400g-1922153/p,2024-09-30
75,Jumbo,Lucchetti,Spaghetti N°5 Lucchetti 400 G,1130,Tallarín,https://www.jumbo.cl/spaghetti-n-5-lucchetti-bolsa-400-g/p,2024-09-30
76,Jumbo,Talliani,Tallarín N°78 Talliani 400 G,1013,Tallarín,https://www.jumbo.cl/tallarines-n-78-talliani-bolsa-400-g/p,2024-09-30
77,Jumbo,Barilla,Spaghetti N°5 Barilla Italiano Caja 500 G,2120,Tallarín,https://www.jumbo.cl/spaghetti-n-5-barilla-caja-500-g-origen-italiano/p,2024-09-30
78,Jumbo,Talliani,Tallarín N°77 Talliani 400 G,1013,Tallarín,https://www.jumbo.cl/tallarines-n-77-talliani-bolsa-400-g-con-huevos-frescos/p,2024-09-30
79,Jumbo,Lucchetti,Tallarín N°77 Lucchetti 400 G,1130,Tallarín,https://www.jumbo.cl/tallarines-n-77-lucchetti-bolsa-400-g/p,2024-09-30
80,Jumbo,Cuisine & Co,Spaghetti Vitaminizado 400 G,810,Tallarín,https://www.jumbo.cl/spaghetti-vitaminizado-400-g-cuisine-and-co-1870148/p,2024-09-30
81,Jumbo,Talliani,Spaghetti N°5 Talliani Integral 400 G,968,Tallarín,https://www.jumbo.cl/talliani-spaghetti-5-integral-400g-1937088/p,2024-09-30
82,Jumbo,Jumbo Artesanal,Spaghetti Al Huevo 500 G,2490,Tallarín,https://www.jumbo.cl/spaghetti-al-huevo-jumbo-artesanal-granel/p,2024-09-30
83,Jumbo,Jumbo Artesanal,Spaghetti De Espinaca 500 G,2490,Tallarín,https://www.jumbo.cl/spaghetti-de-espinaca-jumbo-artesanal-granel/p,2024-09-30
84,Jumbo,Talliani,Spaghetti Talliani 3 Sabores 400 G,1035,Tallarín,https://www.jumbo.cl/spaghetti-3-sabores-talliani-400g-1864393/p,2024-09-30
85,Jumbo,Lucchetti,Spaghetti N°5 Lucchetti Integrales 400 G,1180,Tallarín,https://www.jumbo.cl/spaghetti-integral-lucchetti-400-g/p,2024-09-30
86,Jumbo,Lucchetti,Tallarín N°78 Lucchetti 400 G,1130,Tallarín,https://www.jumbo.cl/tallarines-n-78-lucchetti-bolsa-400-g/p,2024-09-30
87,Jumbo,Cuisine & Co,Tallarín Vitaminizado 400 G,810,Tallarín,https://www.jumbo.cl/tallarin-vitaminizado-400-g-cuisine-and-co-1870149/p,2024-09-30
88,Jumbo,Barilla,Spaghetti Barilla N°5 Integral Italiano Caja 500 G,2752,Tallarín,https://www.jumbo.cl/spaghetti-n-5-barilla-caja-500-g-integral-origen-italiano/p,2024-09-30
89,Jumbo,Lucchetti,Spaghetti N°5 Lucchetti Tr3S 400 G,1130,Tallarín,https://www.jumbo.cl/spaghetti-n-5-lucchetti-400-g-tomate-natural-espinaca/p,2024-09-30
90,Jumbo,Bluedragon,Spaghetti De Arroz Blue Dragon 250 G,2790,Tallarín,https://www.jumbo.cl/spaghetti-blue-dragon-250-g-de-arroz/p,2024-09-30
91,Jumbo,Noglut,Spaghetti Noglut Sin Gluten 250 G,1910,Tallarín,https://www.jumbo.cl/spaguetti-no-gluten-250-gr-1938915/p,2024-09-30
92,Jumbo,3F,Tallarines De Betarraga 400 G,2490,Tallarín,https://www.jumbo.cl/tallarines-de-batarraga-400gr/p,2024-09-30
93,Jumbo,3F,Tallarines De Zanahoria 400 G,2490,Tallarín,https://www.jumbo.cl/tallarines-de-zanahoria-400gr/p,2024-09-30
94,Jumbo,Divella,Spaghetti Tomate Espinaca Divella 500 G,2890,Tallarín,https://www.jumbo.cl/spaguetti-tomate-espinaca-divella-500-g/p,2024-09-30
95,Jumbo,Extra Di Lusso,Spaghetti Cuad Extra Di Lusso 500 G,2390,Tallarín,https://www.jumbo.cl/spaghetti-cuad-extra-di-lusso-500-g/p,2024-09-30
96,Jumbo,Jumbo,Spaghetti Vegetariano 400 G,5990,Tallarín,https://www.jumbo.cl/spaghetti-vegetariano-400g-1964026/p,2024-09-30
97,Jumbo,Vivo,Spaghetti Vivo Sin Gluten 400 G,3690,Tallarín,https://www.jumbo.cl/spaghetti-vivo-s-gluten-400-gr-1999395/p,2024-09-30
98,Jumbo,Carozzi,Pasta Spaghetti N°5 Carozzi 400 G,1090,Tallarín,https://www.jumbo.cl/spaghetti-n-5-carozzi-bolsa-400-g-2/p,2024-09-30
99,Jumbo,Trattoria,Pasta Spaghetti N°5 Trattoria 400 G,990,Tallarín,https://www.jumbo.cl/spaghetti-n-5-trattoria-bolsa-400-g-con-huevos-frescos/p,2024-09-30
100,Jumbo,Carozzi,Pack Spaghetti N°5 Carozzi 3 Un. 400 G + Salsa De Tomate 1 Un. 200 G,3410,Tallarín,https://www.jumbo.cl/spaghetti-n-5-carozzi-pack-3-unid-400-g-c-u-salsa-italiana-200-g/p,2024-09-30
101,Jumbo,Carozzi,Pasta Tallarines N°87 Carozzi Espinaca 400 G,960,Tallarín,https://www.jumbo.cl/tallarines-n-87-carozzi-bolsa-400-g-espinaca-2/p,2024-09-30
102,Jumbo,Trattoria,Pasta Tallarín N°87 Trattoria 400 G,990,Tallarín,https://www.jumbo.cl/tallarines-n-87-trattoria-bolsa-400-g-con-huevos-frescos/p,2024-09-30
103,Jumbo,Vivo,Pasta Spaghetti N°5 Vivo 350 G,1240,Tallarín,https://www.jumbo.cl/spaghetti-n-5-vivo-bolsa-350-g/p,2024-09-30
104,Jumbo,La Molisana,Pasta Spaghetti La Molisana Integral 500 G,1990,Tallarín,https://www.jumbo.cl/spaghetti-integral-la-molisana-500-g-jumbo-importado/p,2024-09-30
105,Jumbo,Carozzi,Pasta Spaghetti Tricolor Carozzi 400 G,960,Tallarín,https://www.jumbo.cl/spaghetti-n-5-carozzi-bolsa-400-g-tricolori-tomate-clasica-y-espinacas-2/p,2024-09-30
106,Jumbo,La Molisana,Pasta Spaghetti Cuadrado La Molisana 500 G,1890,Tallarín,https://www.jumbo.cl/spaghetti-cuadrado-la-molisana-500-g-jumbo-importado/p,2024-09-30
107,Jumbo,Cuisine & Co,Palmitos Corte Spaghetti 220 G Drenado,2699,Tallarín,https://www.jumbo.cl/palmitos-corte-spaghetti-220-g-drenado-cuisine-and-co-1869029/p,2024-09-30
108,Jumbo,Lucchetti,Pack 3 Spaghetti Luchetti + Salsa Doypack 220 G,3790,Tallarín,https://www.jumbo.cl/spaghetti-n-5-lucchetti-3-unid-400-g-c-u-salsa-de-tomates-italiana-200-g/p,2024-09-30
109,Jumbo,Naturnes,Picado Naturnes Porotos Con Tallarines 215G,2219,Tallarín,https://www.jumbo.cl/picado-nestle-porotos-con-tallarines-215-g/p,2024-09-30
110,Jumbo,Carozzi,Pasta Spaghetti N°3 Carozzi 400 G,1090,Tallarín,https://www.jumbo.cl/spaghetti-n-3-carozzi-bolsa-400-g-2/p,2024-09-30
111,Jumbo,Carozzi,Pasta Spaghetti N°5 Carozzi 1 Kg,2590,Tallarín,https://www.jumbo.cl/spaghetti-n-5-carozzi-bolsa-1-kg-2/p,2024-09-30
112,Jumbo,La Molisana,Pasta Spaghetti Lupino La Molisana 400 G,1990,Tallarín,https://www.jumbo.cl/pasta-spaghetti-lupino-la-molisana-400g-1992559/p,2024-09-30
113,Unimarc,Nuestra Cocina,Arroz Nuestra Cocina G2 Largo Delgado 1 Kg,1590,Arroz Grado 1,https://www.unimarc.cl/product/arroz-g2-largo-delgad-nuestra-cocina-1kg,2024-09-30
114,Unimarc,Merkat,Arroz Merkat Largo Delgado Grado 2 1 Kg,1450,Arroz Grado 1,https://www.unimarc.cl/product/arroz-g2-largo-delgado-merkat-1-kg,2024-09-30
115,Unimarc,Miraflores,Arroz Miraflores G1 Largo Ancho Bolsa 1 Kg,2890,Arroz Grado 1,https://www.unimarc.cl/product/arroz-g1-miraflores-largo-ancho-1-kg,2024-09-30
116,Unimarc,Iansa Agro,Arroz Grado 1 Iansa Agro Bolsa 1 Kg,2590,Arroz Grado 1,https://www.unimarc.cl/product/arroz-g1-gno-largo-ancho-iansa-agro-1kg,2024-09-30
117,Unimarc,Tucapel,Arroz Tucapel Blue Bonnet G2 1 Kg,2050,Arroz Grado 1,https://www.unimarc.cl/product/arroz-g2-tucapel-blue-bonnet-largo-1-kg,2024-09-30
118,Unimarc,Tucapel,Arroz Tucapel Gran Selección G2 1 Kg,2130,Arroz Grado 1,https://www.unimarc.cl/product/arroz-g2-largo-seleccion-tucapel-1-kg,2024-09-30
119,Unimarc,Nuestra Cocina,Arroz Nuestra Cocina Grano Largo G1 Bolsa 1 Kg,1890,Arroz Grado 1,https://www.unimarc.cl/product/arroz-g1-grano-largo-nuestra-cocina-1-kg,2024-09-30
120,Unimarc,Tucapel,Arroz Tucapel Gran Selección G2 Laminado 1 Kg,1950,Arroz Grado 1,https://www.unimarc.cl/product/arroz-g2-tucapel-gran-seleccion-laminado-largo-1,2024-09-30
121,Unimarc,Banquete,Arroz Banquete Premium G1 1 Kg,2750,Arroz Grado 1,https://www.unimarc.cl/product/arroz-g1-banquete-premium-largo-1-kg,2024-09-30
122,Unimarc,Tucapel,Arroz Tucapel Gran Selección G1 1 Kg,1813,Arroz Grado 1,https://www.unimarc.cl/product/arroz-g1-tucapel-gran-seleccion-largo-1-kg,2024-09-30
123,Unimarc,Nuestra Cocina,Arroz Nuestra Cocina G1 Grano Largo Ancho Bolsa 1 Kg,2050,Arroz Grado 1,https://www.unimarc.cl/product/arroz-g1-nacional-nuestra-cocina-1-kg,2024-09-30
124,Unimarc,Nuestra Cocina,Arroz Nuestra Cocina G2 Grano Largo Ancho Bolsa 1 Kg,1790,Arroz Grado 1,https://www.unimarc.cl/product/arroz-g2-nacional-nuestra-cocina-1-kg,2024-09-30
125,Unimarc,Iansa Agro,Arroz Iansa Agro G2 Largo Ancho 1 Kg,2240,Arroz Grado 1,https://www.unimarc.cl/product/arroz-g2-gno-largo-ancho-iansa-agro-1kg,2024-09-30
126,Unimarc,Tucapel,Arroz Tucapel Blue Bonnet G1 1 Kg,1785,Arroz Grado 1,https://www.unimarc.cl/product/arroz-blue-bonnet-tucapel-g1-lam-1-kg,2024-09-30
127,Unimarc,Banquete,Arroz Banquete Premium G1 2 Kg,4880,Arroz Grado 1,https://www.unimarc.cl/product/arroz-g1-banquete-premium-largo-y-ancho-2-kg,2024-09-30
128,Unimarc,Miraflores,Arroz Miraflores Pregraneado G1 Largo 1 Kg,2790,Arroz Grado 1,https://www.unimarc.cl/product/arroz-pregraneado-miraflores-1-kg,2024-09-30
129,Unimarc,Nuestra Cocina,Arroz Nuestra Cocina Grado 1 Integral 1 Kg,1950,Arroz Grado 1,https://www.unimarc.cl/product/arroz-g1-integral-nuestra-cocina-1-kg,2024-09-30
130,Unimarc,Iansa Agro,Arroz Iansa Agro Integral G1 Bolsa 1 Kg,2230,Arroz Grado 1,https://www.unimarc.cl/product/arroz-g1-integral-iansa-agro-1-kg,2024-09-30
131,Unimarc,Banquete,Arroz Banquete Premium G2 1 Kg,2550,Arroz Grado 1,https://www.unimarc.cl/product/arroz-g2-largo-premium-banquete-1-kg,2024-09-30
132,Unimarc,Martini,Porotos Tórtola Martini G1 500 G,2190,Arroz Grado 1,https://www.unimarc.cl/product/porotos-tortola-g1-martini-500-gr,2024-09-30
133,Santa Isabel,Cuisine & Co,Arroz Grado 1 Grano Largo Y Delgado 1 Kg,1790,Arroz Grado 1,https://www.santaisabel.cl/arroz-largo-fino-1-kg-cuisine-and-co-1845786/p,2024-09-30
134,Santa Isabel,Banquete,Arroz Grado 1 Banquete Premium Grano Largo Y Ancho 1 Kg,2050,Arroz Grado 1,https://www.santaisabel.cl/arroz-grado-1-banquete-1-kg-premium-grano-largo-y-ancho/p,2024-09-30
135,Santa Isabel,Cuisine & Co,Arroz Grado 2 Largo Y Delgado 1 Kg,1670,Arroz Grado 1,https://www.santaisabel.cl/arroz-largo-fino-1-kg-cuisine-and-co-1845787/p,2024-09-30
136,Santa Isabel,Miraflores,Arroz Grado 1 Miraflores Grano Largo Y Ancho 1 Kg,2790,Arroz Grado 1,https://www.santaisabel.cl/arroz-grado-1-miraflores-1-kg-grano-largo-y-ancho/p,2024-09-30
137,Santa Isabel,Cuisine & Co,Arroz Grado 2 Grano Largo Y Ancho 1 Kg,1770,Arroz Grado 1,https://www.santaisabel.cl/arroz-cuisine-y-co-g2-grano-largo-ancho1kg/p,2024-09-30
138,Santa Isabel,Tucapel,Arroz Grado 2 Tucapel Gran Selección Grano Largo Y Ancho 1 Kg,2130,Arroz Grado 1,https://www.santaisabel.cl/arroz-grado-2-tucapel-1-kg-gran-seleccion-grano-largo-y-ancho/p,2024-09-30
139,Santa Isabel,Tucapel,Arroz Grado 2 Tucapel Blue Grano Largo Y Delgado 1 Kg,2030,Arroz Grado 1,https://www.santaisabel.cl/arroz-grado-2-tucapel-1-kg-blue-bonnet-grano-largo-y-delgado/p,2024-09-30
140,Santa Isabel,Tucapel,Arroz Grado 1 Tucapel Gran Selección Grano Largo Y Ancho 1 Kg,2510,Arroz Grado 1,https://www.santaisabel.cl/arroz-grado-1-tucapel-gran-seleccion-grano-largo-y-ancho-1-kg/p,2024-09-30
141,Santa Isabel,Tucapel,Arroz Grado 1 Tucapel Pregraneado Grano Largo 1 Kg,2470,Arroz Grado 1,https://www.santaisabel.cl/arroz-grado-1-tucapel-1-kg-pregraneado-grano-largo/p,2024-09-30
142,Santa Isabel,Miraflores,Arroz Grado 2 Miraflores Grano Largo Y Laminado 1 Kg,2270,Arroz Grado 1,https://www.santaisabel.cl/arroz-miraflores-1-kg-grado-2-grano-largo-laminado/p,2024-09-30
143,Santa Isabel,Banquete,Arroz Grado 1 Banquete Premium Grano Largo 2 Kg,4590,Arroz Grado 1,https://www.santaisabel.cl/arroz-grado-1-banquete-2-kg-envase-degradable/p,2024-09-30
144,Santa Isabel,Cuisine & Co,Arroz Grado 1 Grano Largo Y Ancho 1 Kg,2170,Arroz Grado 1,https://www.santaisabel.cl/arroz-cuisine-y-co-g1-grano-largo-ancho1kg/p,2024-09-30
145,Santa Isabel,Cuisine & Co,Arroz Grado 1 Grano Largo Y Ancho 3 Kg,5450,Arroz Grado 1,https://www.santaisabel.cl/arroz-g1-largo-ancho-c-y-co-3-kg/p,2024-09-30
146,Santa Isabel,Cuisine & Co,Arroz Integral Grado 1 Largo Y Ancho 1 Kg,2150,Arroz Grado 1,https://www.santaisabel.cl/arroz-integral-c-y-co-1-kg/p,2024-09-30
147,Santa Isabel,Tucapel,Arroz Grado 2 Tucapel Grano Largo Y Ancho Graneado 1 Kg,2190,Arroz Grado 1,https://www.santaisabel.cl/arroz-grado-2-tucapel-1-kg-graneado-grano-largo-y-ancho/p,2024-09-30
148,Santa Isabel,Tucapel,Arroz Grado 1 Tucapel Integral 1 Kg,2840,Arroz Grado 1,https://www.santaisabel.cl/arroz-integral-tucapel-1-kg-grado-1/p,2024-09-30
149,Santa Isabel,Tucapel,Arroz Grado 1 Tucapel Grano Largo Delgado 1 Kg,2410,Arroz Grado 1,https://www.santaisabel.cl/arroz-tucapel-grado-1-blue-bonnet-1-kg/p,2024-09-30
150,Santa Isabel,Banquete,Arroz Grado 2 Banquete Premium Grano Largo Y Ancho 1 Kg,2710,Arroz Grado 1,https://www.santaisabel.cl/arroz-grado-2-banquete-1-kg-premium-grano-largo-y-ancho/p,2024-09-30
152,Santa Isabel,Iansa Agro,Arroz Grado 2 Iansa Agro 1 Kg,2220,Arroz Grado 1,https://www.santaisabel.cl/arroz-grado-2-largo-y-ancho-1-kg/p,2024-09-30
153,Santa Isabel,Tucapel,Arroz Especial Tucapel Grado 1 Para Sushi 400 G,2970,Arroz Grado 1,https://www.santaisabel.cl/arroz-especial-tucapel-400-g-grado-1-para-sushi-264651/p,2024-09-30
154,Santa Isabel,Martini,Lentejas 6 Mm Martini Laird Grado 1 - 500 G,1810,Arroz Grado 1,https://www.santaisabel.cl/lentejas-martini-bolsa-500-g-laird-6mm-grado-1-2/p,2024-09-30
155,Santa Isabel,Martini,Lentejón 7 Mm Martini Laird Grado 1 - 500 G,1820,Arroz Grado 1,https://www.santaisabel.cl/lentejon-martini-bolsa-500-g-7mm-laird-grado1-2/p,2024-09-30
156,Jumbo,Banquete,Arroz Grado 1 Banquete Premium Grano Largo Y Ancho 1 Kg,2060,Arroz Grado 1,https://www.jumbo.cl/arroz-grado-1-banquete-1-kg-premium-grano-largo-y-ancho/p,2024-09-30
157,Jumbo,Miraflores,Arroz Grado 1 Miraflores Grano Largo Y Ancho 1 Kg,2890,Arroz Grado 1,https://www.jumbo.cl/arroz-grado-1-miraflores-1-kg-grano-largo-y-ancho/p,2024-09-30
158,Jumbo,Tucapel,Arroz Grado 1 Tucapel Gran Selección Grano Largo Y Ancho 1 Kg,2540,Arroz Grado 1,https://www.jumbo.cl/arroz-grado-1-tucapel-gran-seleccion-grano-largo-y-ancho-1-kg/p,2024-09-30
159,Jumbo,Cuisine & Co,Arroz Grado 1 Grano Largo Y Ancho 1 Kg,2190,Arroz Grado 1,https://www.jumbo.cl/arroz-cuisine-and-co-g1-grano-largo-ancho1kg-1888808/p,2024-09-30
160,Jumbo,Tucapel,Arroz Grado 2 Tucapel Gran Selección Grano Largo Y Ancho 1 Kg,2150,Arroz Grado 1,https://www.jumbo.cl/arroz-grado-2-tucapel-1-kg-gran-seleccion-grano-largo-y-ancho/p,2024-09-30
161,Jumbo,Cuisine & Co,Arroz Grado 2 Largo Y Delgado 1 Kg,1690,Arroz Grado 1,https://www.jumbo.cl/arroz-largo-fino-1-kg-cuisine-and-co-1845787/p,2024-09-30
162,Jumbo,Cuisine & Co,Arroz Grado 1 Grano Largo Y Delgado 1 Kg,1850,Arroz Grado 1,https://www.jumbo.cl/arroz-largo-fino-1-kg-cuisine-and-co-1845786/p,2024-09-30
163,Jumbo,Tucapel,Arroz Grado 1 Tucapel Pregraneado Grano Largo 1 Kg,2490,Arroz Grado 1,https://www.jumbo.cl/arroz-grado-1-tucapel-1-kg-pregraneado-grano-largo/p,2024-09-30
164,Jumbo,Banquete,Arroz Grado 1 Banquete Premium Grano Largo 2 Kg,4630,Arroz Grado 1,https://www.jumbo.cl/arroz-grado-1-banquete-2-kg-envase-degradable/p,2024-09-30
165,Jumbo,Cuisine & Co,Arroz Grado 2 Grano Largo Y Ancho 1 Kg,1890,Arroz Grado 1,https://www.jumbo.cl/arroz-cuisine-and-co-g2-grano-largo-ancho1kg-1888809/p,2024-09-30
166,Jumbo,Taj Mahal,Arroz Grado 1 Taj Mahal Basmati Grano Largo 1 Kg,5890,Arroz Grado 1,https://www.jumbo.cl/arroz-taj-mahal-basmati-1-kg-grado-1-grano-largo/p,2024-09-30
167,Jumbo,Tucapel,Arroz Grado 2 Tucapel Blue Grano Largo Y Delgado 1 Kg,2050,Arroz Grado 1,https://www.jumbo.cl/arroz-grado-2-tucapel-1-kg-blue-bonnet-grano-largo-y-delgado/p,2024-09-30
168,Jumbo,Banquete,Arroz Grado 1 Banquete Grano Largo Pregraneado 1 Kg,1950,Arroz Grado 1,https://www.jumbo.cl/arroz-grado-1-banquete-1-kg-pregraneado-grano-largo/p,2024-09-30
169,Jumbo,Miraflores,Arroz Grado 2 Miraflores Grano Largo Y Laminado 1 Kg,2290,Arroz Grado 1,https://www.jumbo.cl/arroz-miraflores-1-kg-grado-2-grano-largo-laminado/p,2024-09-30
170,Jumbo,Cuisine & Co,Arroz Integral Grado 1 Largo Y Ancho 1 Kg,2190,Arroz Grado 1,https://www.jumbo.cl/arroz-integral-c-and-co-1-kg-1893883/p,2024-09-30
171,Jumbo,Tucapel,Arroz Grado 1 Tucapel Integral 1 Kg,2860,Arroz Grado 1,https://www.jumbo.cl/arroz-integral-tucapel-1-kg-grado-1/p,2024-09-30
172,Jumbo,Miraflores,Arroz Integral Miraflores Grado 1 De 1 Kg,2690,Arroz Grado 1,https://www.jumbo.cl/arroz-integral-miraflores-1-kg-fibraplus/p,2024-09-30
173,Jumbo,Cuisine & Co,Arroz Grado 1 Grano Largo Y Ancho 3 Kg,5490,Arroz Grado 1,https://www.jumbo.cl/arroz-g1-largo-ancho-c-and-co-3-kg-1888810/p,2024-09-30
174,Jumbo,Tucapel,Arroz Grado 1 Tucapel Grano Largo Y Ancho 3 Kg,7520,Arroz Grado 1,https://www.jumbo.cl/arroz-grado-1-tucapel-3-kg-gran-seleccion-grano-largo-y-ancho/p,2024-09-30
175,Jumbo,Tucapel,Arroz Grado 1 Tucapel Grano Largo Delgado 1 Kg,2430,Arroz Grado 1,https://www.jumbo.cl/arroz-tucapel-grado-1-blue-bonnet-1-kg/p,2024-09-30
176,Jumbo,Tucapel,Arroz Especial Tucapel Grado 1 Paella Grano Corto 1 Kg,3380,Arroz Grado 1,https://www.jumbo.cl/arroz-especial-tucapel-1-kg-grado-1-paella-grano-corto/p,2024-09-30
177,Jumbo,Tucapel,Arroz Grado 2 Tucapel Grano Largo Y Ancho Graneado 1 Kg,2210,Arroz Grado 1,https://www.jumbo.cl/arroz-grado-2-tucapel-1-kg-graneado-grano-largo-y-ancho/p,2024-09-30
178,Jumbo,Banquete,Arroz Grado 2 Banquete Premium Grano Largo Y Ancho 1 Kg,2740,Arroz Grado 1,https://www.jumbo.cl/arroz-grado-2-banquete-1-kg-premium-grano-largo-y-ancho/p,2024-09-30
179,Jumbo,Tucapel,Arroz Especial Tucapel Grado 1 Para Sushi 400 G,3120,Arroz Grado 1,https://www.jumbo.cl/arroz-especial-tucapel-400-g-grado-1-para-sushi/p,2024-09-30
180,Jumbo,Iansa Agro,Arroz Grado 2 Iansa Agro 1 Kg,2240,Arroz Grado 1,https://www.jumbo.cl/arroz-iansa-agro-g2-largo-ancho-1kg-1895404/p,2024-09-30
182,Unimarc,San Jose,Jurel San José Al Natural Lata 425 G,2210,Jurel,https://www.unimarc.cl/product/jurel-san-jose-al-natural-425-g,2024-09-30
183,Unimarc,U Mas Ahorro,Jurel Unimarc Mas Ahorro 425 G,1000,Jurel,https://www.unimarc.cl/product/jurel-unimarc-mas-ahorro-425-gr,2024-09-30
184,Unimarc,Nuestra Cocina,Jurel Nuestra Cocina Natural 425 G,1780,Jurel,https://www.unimarc.cl/product/jurel-natural-nuestra-cocina-425g,2024-09-30
185,Unimarc,Angelmo,Jurel Angelmo Al Natural 425 G,2090,Jurel,https://www.unimarc.cl/product/jurel-al-natural-angelmo-425-gr,2024-09-30
186,Unimarc,San Jose,Jurel San José Al Natural Reducido En Sal Lata 425 G,2770,Jurel,https://www.unimarc.cl/product/jurel-al-natural-s-sal-san-jose-425gr,2024-09-30
187,Unimarc,San Jose,Lomos De Jurel San José Natural 160 G,1370,Jurel,https://www.unimarc.cl/product/lomos-de-jurel-san-jose-160-gr-natural,2024-09-30
188,Unimarc,San Jose,Lomos De Jurel San José Ahumado 160 G,1370,Jurel,https://www.unimarc.cl/product/lomos-de-jurel-san-jose-160-gr-ahumado,2024-09-30
189,Unimarc,San Jose,Lomos De Jurel San José Aceite 160 G,1370,Jurel,https://www.unimarc.cl/product/lomos-de-jurel-san-jose-160-gr-aceite,2024-09-30
190,Unimarc,San Jose,Lomos De Jurel San Jose 500 G,6550,Jurel,https://www.unimarc.cl/product/lomos-de-jurel-san-jose-500-gr,2024-09-30
191,Unimarc,El Golfo,Croqueta De Jurel El Golfo 100 G,1090,Jurel,https://www.unimarc.cl/product/croqueta-de-jurel-el-golfo-100gr,2024-09-30
192,Santa Isabel,Cuisine & Co,Jurel Al Natural 300 G Drenado,1456,Jurel,https://www.santaisabel.cl/jurel-al-natural-300-g-drenado-cuisine-and-co-1841074/p,2024-09-30
193,Santa Isabel,San José,Jurel Al Natural San José Lata 300 G Drenado,2190,Jurel,https://www.santaisabel.cl/jurel-al-natural-lata-300-g-drenado-266192/p,2024-09-30
194,Santa Isabel,Cuisine & Co,Jurel Natural 130 G Drenado,1149,Jurel,https://www.santaisabel.cl/jurel-natural-c-and-co-130g-dr-1963035/p,2024-09-30
195,Santa Isabel,De Reyes,Jurel De Reyes 230 G Drenado,990,Jurel,https://www.santaisabel.cl/jurel-de-reyes-230-gr-dr-1997800/p,2024-09-30
196,Santa Isabel,Cuisine & Co,Jurel Natural Bajo En Sodio 300 G Drenado,1719,Jurel,https://www.santaisabel.cl/jurel-natural-bajo-en-sodio-c-and-co-300g-dr-1959533/p,2024-09-30
197,Santa Isabel,Cuisine & Co,Jurel En Salsa De Tomate 300 G Drenado,1719,Jurel,https://www.santaisabel.cl/jurel-en-tomate-c-and-c0-300g-dr-1959534/p,2024-09-30
198,Santa Isabel,San José,Jurel Al Natural San José Reducido En Sodio 300 G Drenado,2670,Jurel,https://www.santaisabel.cl/jurel-san-jose-reducido-en-sodio-300-g-drenado/p,2024-09-30
199,Santa Isabel,Cuisine & Co,Jurel En Salsa De Tomate 130 G Drenado,1249,Jurel,https://www.santaisabel.cl/jurel-en-tomate-c-and-co-130g-dr-1963036/p,2024-09-30
200,Santa Isabel,Deyco,Jurel Al Natural Deyco 255 G Drenado,1190,Jurel,https://www.santaisabel.cl/jurel-deyco-255g/p,2024-09-30
201,Santa Isabel,San José,Lomos De Jurel Natural San José 104 G Drenado,1340,Jurel,https://www.santaisabel.cl/lomos-de-jurel-natural-san-jose-104gr-dr-1939059/p,2024-09-30
203,Santa Isabel,San José,Lomos De Jurel Ahumado San José 104 G Drenado,1340,Jurel,https://www.santaisabel.cl/lomos-de-jurel-ahumado-san-jose-104gr-dr-1939061/p,2024-09-30
204,Santa Isabel,San José,Lomos De Jurel En Aceite San José 104 G Drenado,1340,Jurel,https://www.santaisabel.cl/lomos-de-jurel-aceite-san-jose-104-gr-dr-1939060/p,2024-09-30
205,Jumbo,Cuisine & Co,Jurel Al Natural 300 G Drenado,1512,Jurel,https://www.jumbo.cl/jurel-al-natural-300-g-drenado-cuisine-and-co-1841074/p,2024-09-30
206,Jumbo,San José,Jurel Al Natural San José Lata 300 G Drenado,2210,Jurel,https://www.jumbo.cl/jurel-san-jose-lata-425-g-al-natural-con-omega-3/p,2024-09-30
207,Jumbo,Cuisine & Co,Jurel Natural 130 G Drenado,1199,Jurel,https://www.jumbo.cl/jurel-natural-c-and-co-130g-1963035/p,2024-09-30
208,Jumbo,San José,Jurel Al Natural San José Reducido En Sodio 300 G Drenado,2690,Jurel,https://www.jumbo.cl/jurel-san-jose-reducido-en-sodio-300-g-drenado/p,2024-09-30
209,Jumbo,Cuisine & Co,Jurel En Salsa De Tomate 300 G Drenado,2199,Jurel,https://www.jumbo.cl/jurel-en-tomate-c-and-c0-300g-1959534/p,2024-09-30
210,Jumbo,Cuisine & Co,Jurel En Salsa De Tomate 130 G Drenado,1299,Jurel,https://www.jumbo.cl/jurel-en-tomate-c-and-co-130g-1963036/p,2024-09-30
211,Jumbo,San José,Lomos De Jurel Natural San José 104 G Drenado,1370,Jurel,https://www.jumbo.cl/lomos-de-jurel-natural-san-jose-104gr-dr-1939059/p,2024-09-30
212,Jumbo,San José,Medallón De Jurel Al Natural San José 240 G Drenado,1890,Jurel,https://www.jumbo.cl/jurel-medallon-promocional-240-gr-dr-1913557/p,2024-09-30
213,Jumbo,San José,Lomos De Jurel Ahumado San José 104 G Drenado,1370,Jurel,https://www.jumbo.cl/lomos-de-jurel-ahumado-san-jose-104gr-dr-1939061/p,2024-09-30
214,Jumbo,San José,Lomos De Jurel En Aceite San José 104 G Drenado,1370,Jurel,https://www.jumbo.cl/lomos-de-jurel-aceite-san-jose-104-gr-dr-1939060/p,2024-09-30
215,Jumbo,Fisherman,Filete Jurel Ahumado Fisherman 82 G Drenado,2560,Jurel,https://www.jumbo.cl/filete-jurel-ahumado-fisherman-82-gr-dr-1939063/p,2024-09-30
216,Jumbo,Fisherman,Lomos De Jurel Oliva Fisherman 104 G Drenado,1820,Jurel,https://www.jumbo.cl/lomos-de-jurel-oliva-fisherman-104-gr-dr-1939062/p,2024-09-30
218,Unimarc,Costa,Galletas Costa Frac Chocolate 130 G,510,Frac,https://www.unimarc.cl/product/galletas-frac-chocolate-costa-130-g,2024-09-30
219,Unimarc,Costa,Galletas Costa Frac Vainilla 130 G,510,Frac,https://www.unimarc.cl/product/galleta-frac-vainilla-costa-130-gr,2024-09-30
220,Unimarc,Costa,Bombón Frac Costa Chocolate Con Trozos De Galleta 75G,990,Frac,https://www.unimarc.cl/product/bombon-choc-rell-galleta-frac-costa-15gr,2024-09-30
221,Unimarc,Costa,Galletas Frac Clásica 110 G,720,Frac,https://www.unimarc.cl/product/galleta-frac-costa-110gr-clasica,2024-09-30
222,Unimarc,Costa,Galletas Frac Naranja 110 G,720,Frac,https://www.unimarc.cl/product/galleta-frac-costa-110gr-naranja,2024-09-30
223,Unimarc,Costa,Galletas Frac Vainilla 110 G,720,Frac,https://www.unimarc.cl/product/galleta-frac-costa-110gr-vainilla,2024-09-30
224,Unimarc,Costa,Galletas Frac Chocolate 110 G,720,Frac,https://www.unimarc.cl/product/galleta-frac-costa-110gr-chocolate,2024-09-30
225,Unimarc,Costa,Galletas Frac Bi Frutilla 110 G,720,Frac,https://www.unimarc.cl/product/galleta-frac-costa-110gr-bi-frutilla,2024-09-30
226,Unimarc,Costa,Galletas Frac Bi Cappuccino 110 G,720,Frac,https://www.unimarc.cl/product/galleta-frac-costa-110gr-bi-capuccino,2024-09-30
227,Santa Isabel,Costa,Galletas Frac Bi Frutilla Chocolate 130 G,500,Frac,https://www.santaisabel.cl/galletas-frac-costa-130-g-bicolor-frutillachocolate-2/p,2024-09-30
228,Santa Isabel,Costa,Galletas Frac Vainilla 130 G,500,Frac,https://www.santaisabel.cl/galletas-frac-costa-130-g-vainilla-2/p,2024-09-30
229,Santa Isabel,Costa,Galletas Frac Naranja 130 G,500,Frac,https://www.santaisabel.cl/galleta-frac-naranja-130-g-1921647/p,2024-09-30
230,Santa Isabel,Costa,Pack Galletas Frac Chocolates 208 G 4 Un.,1599,Frac,https://www.santaisabel.cl/pack-frac-chocolates-208-gr-1975282/p,2024-09-30
231,Santa Isabel,Costa,Bombones De Chocolate Frac  75 G,1000,Frac,https://www.santaisabel.cl/bombon-frac-bolsa-75gr-1982535/p,2024-09-30
232,Santa Isabel,Costa,Galletas Frac Clásica 52 G,550,Frac,https://www.santaisabel.cl/galletas-frac-clasica-52-g-1290080/p,2024-09-30
233,Santa Isabel,Costa,Galleta Frac Bi Capuccino 110 G,500,Frac,https://www.santaisabel.cl/galleta-frac-bi-capuccino-110-gr-2004370/p,2024-09-30
234,Santa Isabel,Costa,Galleta Frac Naranja 110 G,500,Frac,https://www.santaisabel.cl/galleta-frac-naranja-110-gr-2004372/p,2024-09-30
235,Santa Isabel,Costa,Galleta Frac Bi Frutilla 110 G,500,Frac,https://www.santaisabel.cl/galleta-frac-bi-frutilla-110gr/p,2024-09-30
236,Santa Isabel,Costa,Galleta Frac Vainilla 110 G,500,Frac,https://www.santaisabel.cl/galleta-frac-vainilla-110-g-2004367/p,2024-09-30
237,Santa Isabel,Costa,Galleta Frac Chocolate 110 G,500,Frac,https://www.santaisabel.cl/galleta-frac-chocolate-110-g-2004369/p,2024-09-30
238,Jumbo,Costa,Pack Galletas Frac Chocolates 208 G 4 Un.,1599,Frac,https://www.jumbo.cl/pack-frac-chocolates-208-gr-1975282/p,2024-09-30
239,Jumbo,Costa,Bombones De Chocolate Frac  75 G,1000,Frac,https://www.jumbo.cl/bombon-frac-bolsa-75gr-1982535/p,2024-09-30
240,Jumbo,Costa,Galleta Frac Bi Capuccino 110 G,590,Frac,https://www.jumbo.cl/galleta-frac-bi-capuccino-110-gr-2004370/p,2024-09-30
241,Jumbo,Costa,Galleta Frac Bi Frutilla 110 G,590,Frac,https://www.jumbo.cl/galleta-frac-bi-frutilla-110gr-2004371/p,2024-09-30
242,Jumbo,Costa,Galleta Frac Naranja 110 G,590,Frac,https://www.jumbo.cl/galleta-frac-naranja-110-gr-2004372/p,2024-09-30
243,Jumbo,Costa,Galleta Frac Clásica 110 G,590,Frac,https://www.jumbo.cl/galleta-frac-clasica-110-gr-2004368/p,2024-09-30
244,Jumbo,Costa,Galleta Frac Chocolate 110 G,590,Frac,https://www.jumbo.cl/galleta-frac-chocolate-110gr-2004369/p,2024-09-30
245,Jumbo,Costa,Galleta Frac Vainilla 110 G,590,Frac,https://www.jumbo.cl/galleta-frac-vainilla-110-gr-2004367/p,2024-09-30
252,Unimarc,Nido,Leche En Polvo Nido Entera Tarro 1.350 G,10290,Leche Entera,https://www.unimarc.cl/product/leche-inst-en-polvo-26-mg-nido-1-350kg,2024-09-30
253,Unimarc,Loncoleche,Leche Entera Loncoleche Sin Tapa 1 L,1120,Leche Entera,https://www.unimarc.cl/product/leche-entera-s-t-loncoleche-1-lt,2024-09-30
254,Unimarc,Colun,Leche Entera Natural Colun Sin Tapa 1 L,1150,Leche Entera,https://www.unimarc.cl/product/leche-entera-natural-colun-sin-tapa-1-l-2,2024-09-30
255,Unimarc,Los Peumos,Leche Entera Los Peumos 1 L,1090,Leche Entera,https://www.unimarc.cl/product/leche-entera-tetra-los-peumos-1lt,2024-09-30
256,Unimarc,Surlat,Leche Entera Natural Surlat 1 L,1180,Leche Entera,https://www.unimarc.cl/product/leche-entera-natural-surlat-1-lt,2024-09-30
257,Unimarc,Loncoleche,Leche Entera Sin Lactosa Loncoleche Con Tapa 1 L,1057,Leche Entera,https://www.unimarc.cl/product/leche-entera-sin-lactosa-loncoleche-con-tapa-1-l,2024-09-30
258,Unimarc,Colun,Leche En Polvo Colun Entera Instantáneo Doypack 900 G,8650,Leche Entera,https://www.unimarc.cl/product/leche-polvo-inst-entera-colun-900-gr,2024-09-30
259,Unimarc,Nido,Leche En Polvo Nido Entera 800 G,9190,Leche Entera,https://www.unimarc.cl/product/leche-en-polvo-intantanea-nido-800-gr,2024-09-30
260,Unimarc,Soprole,Leche Entera Natural Soprole 1 L,1200,Leche Entera,https://www.unimarc.cl/product/leche-entera-natural-soprole-con-tapa-1-l-2,2024-09-30
261,Unimarc,Calo,Leche En Polvo Calo Entera Instantánea Bolsa 850 G,7850,Leche Entera,https://www.unimarc.cl/product/leche-polvo-inst-26-mg-calo-sb-900-gr,2024-09-30
262,Unimarc,Colun,Leche Entera Sin Lactosa Colun Con Tapa 1 L,1350,Leche Entera,https://www.unimarc.cl/product/leche-entera-s-lactosa-colun-1-lt-2,2024-09-30
263,Unimarc,Soprole,Leche Entera Natural Soprole 6 Un De 200 Ml,3180,Leche Entera,https://www.unimarc.cl/product/pack-leche-entera-soprole-6-un-de-200-ml,2024-09-30
264,Unimarc,Ecoterra,Leche De Vaca Libre Ecoterra Entera 1 L,1812,Leche Entera,https://www.unimarc.cl/product/leche-entera-ecoterra-1-lt,2024-09-30
265,Unimarc,Colun,Leche En Polvo Colun Entera Instantánea 400 G,2690,Leche Entera,https://www.unimarc.cl/product/leche-polvo-inst-entera-colun-400-gr,2024-09-30
266,Unimarc,Loncoleche,Pack Leche Entera Loncoleche 12 Un 1 L,12600,Leche Entera,https://www.unimarc.cl/product/leche-entera-s-t-loncoleche-1-lt-2,2024-09-30
267,Unimarc,Alcafood,Leche En Polvo Alcafood Entera Instantánea Bolsa 800 G,7150,Leche Entera,https://www.unimarc.cl/product/leche-inst-polvo-26-m-g-alcafood-800-gr,2024-09-30
268,Unimarc,Colun,Leche En Polvo Colun Entera Instantánea Bolsa 1.4 Kg,13390,Leche Entera,https://www.unimarc.cl/product/leche-polvo-entera-colun-1-4-kg,2024-09-30
269,Unimarc,Soprole,Leche Sin Lactosa Soprole Entera 1 L,1390,Leche Entera,https://www.unimarc.cl/product/leche-zero-lacto-entera-soprole-1lt,2024-09-30
270,Unimarc,Calo,Leche En Polvo Calo Entera Instantánea Bolsa 1.440 Kg,9170,Leche Entera,https://www.unimarc.cl/product/leche-polvo-entera-instant-calo-1-440-kg,2024-09-30
271,Unimarc,Colun,Leche Entera Natural Colun 200 Ml,570,Leche Entera,https://www.unimarc.cl/product/leche-entera-natural-colun-200ml,2024-09-30
272,Unimarc,Surlat,Leche Entera Surlat Sin Lactosa 1 L,1430,Leche Entera,https://www.unimarc.cl/product/leche-entera-sin-lactosa-surlat-1l,2024-09-30
273,Unimarc,Las Hualtatas,Leche Entera De Cabra Las Hualtatas 1 L,3150,Leche Entera,https://www.unimarc.cl/product/leche-entera-de-cabra-ls-hualtatas-750cc,2024-09-30
274,Unimarc,Soprole,Leche Entera Natural Soprole 200 Ml,530,Leche Entera,https://www.unimarc.cl/product/leche-entera-soprole-200-ml-2,2024-09-30
275,Unimarc,Colun,Leche En Polvo Colun Entera 120 G,1240,Leche Entera,https://www.unimarc.cl/product/leche-polvo-entera-colun-120-gr,2024-09-30
276,Unimarc,Nestle,Leche Entera Trencito Nestlé Sabor Chocolate 200 Ml,610,Leche Entera,https://www.unimarc.cl/product/leche-chocolate-entera-trencito-nestle-200-ml,2024-09-30
277,Unimarc,Colun,Pack Leche Entera Natural Colun 6 Un De 200 Ml,3420,Leche Entera,https://www.unimarc.cl/product/leche-entera-natural-colun-cajita-6u-x-200ml,2024-09-30
278,Unimarc,Colun,"Pack Leche Entera Natural Colun, Sin Tapa 12 Un De 1 L",15350,Leche Entera,https://www.unimarc.cl/product/leche-entera-natural-colun-sin-tapa-1-l-caja-12-un,2024-09-30
279,Unimarc,Soprole,Pack Leche Entera Natural Soprole 12 Un De 1 L,14440,Leche Entera,https://www.unimarc.cl/product/leche-entera-natural-soprole-con-tapa-1-l-caja-12-un,2024-09-30
280,Unimarc,Los Peumos,Pack Leche Entera Los Peumos 12 Un De 1 L,13150,Leche Entera,https://www.unimarc.cl/product/leche-entera-tetra-los-peumos-1lt-2,2024-09-30
281,Unimarc,Nestle,Pack Leche Entera Trencito Nestlé Chocolate 6 Un De 200 Ml,3540,Leche Entera,https://www.unimarc.cl/product/leche-chocolate-entera-trencito-nestle-6-u-x-200-ml,2024-09-30
282,Santa Isabel,Cuisine & Co,Leche Cuisine & Co Entera 1 L,1049,Leche Entera,https://www.santaisabel.cl/leche-entera-1-l-cuisine-and-co-1858321/p,2024-09-30
283,Santa Isabel,Surlat,Leche Surlat Entera 1 L,999,Leche Entera,https://www.santaisabel.cl/leche-entera-surlat-b-a-1l-1991554/p,2024-09-30
284,Santa Isabel,Nido,Leche Polvo Nido Entera 1.35 Kg,14490,Leche Entera,https://www.santaisabel.cl/leche-en-polvo-entera-nido-1-35kg-1932750/p,2024-09-30
285,Santa Isabel,Loncoleche,Leche Loncoleche Entera Sin Lactosa 1 L,1339,Leche Entera,https://www.santaisabel.cl/leche-loncoleche-natural-sin-lactosa-1-l/p,2024-09-30
286,Santa Isabel,Soprole,Leche Soprole Entera Natural 1 L,1229,Leche Entera,https://www.santaisabel.cl/leche-soprole-natural-1-litro/p,2024-09-30
287,Santa Isabel,Soprole,Leche Soprole Sin Lactosa Entera 1 L,1069,Leche Entera,https://www.santaisabel.cl/leche-s-l-entera-soprole-zerolacto-1lt-1950864/p,2024-09-30
288,Santa Isabel,Colun,Leche Colun Entera 1 L,1269,Leche Entera,https://www.santaisabel.cl/leche-entera-colun-caja-1-l-natural/p,2024-09-30
289,Santa Isabel,Colun,Leche Colun Entera Sin Lactosa 1 L,1219,Leche Entera,https://www.santaisabel.cl/leche-entera-sin-lactosa-1-l/p,2024-09-30
290,Santa Isabel,Colun,Leche Polvo Colun Entera 900 G,8190,Leche Entera,https://www.santaisabel.cl/leche-en-polvo-entera-colun-900-g/p,2024-09-30
291,Santa Isabel,Nido,Leche Polvo Nido Entera 800 G,9090,Leche Entera,https://www.santaisabel.cl/leche-en-polvo-entera-800-g-1930446/p,2024-09-30
292,Santa Isabel,Calo,Leche Polvo Calo Entera 1.44 Kg,9992,Leche Entera,https://www.santaisabel.cl/leche-polvo-calo-entera-1-44-kg-1972111/p,2024-09-30
293,Santa Isabel,Calo,Leche Polvo Calo Entera 850 G,7179,Leche Entera,https://www.santaisabel.cl/leche-entera-calo-en-polvo-bolsa-900-g-2/p,2024-09-30
294,Santa Isabel,Soprole,Leche Soprole Entera Natural 200 Ml,485,Leche Entera,https://www.santaisabel.cl/leche-entera-soprole-200-ml-1843490/p,2024-09-30
295,Santa Isabel,Colun,Leche Polvo Colun Entera 1440 G,12890,Leche Entera,https://www.santaisabel.cl/leche-entera-en-polvo-colun-1-4-kg/p,2024-09-30
296,Santa Isabel,Soprole,Leche Soprole Entera Cremosa 1 L,1429,Leche Entera,https://www.santaisabel.cl/leche-entera-cremosa-1-l/p,2024-09-30
297,Santa Isabel,Surlat,Leche Surlat Entera Sin Lactosa 1 L,1319,Leche Entera,https://www.santaisabel.cl/leche-entera-sin-lactosa1-l-1882658/p,2024-09-30
298,Santa Isabel,Colun,Leche Colun Entera 200 Ml,545,Leche Entera,https://www.santaisabel.cl/leche-entera-colun-caja-200cc-natural/p,2024-09-30
299,Santa Isabel,Colun,Leche Colun A2 Entera Sin Lactosa 1 L,2599,Leche Entera,https://www.santaisabel.cl/leche-colun-a2-entera-s-l-1lt-1983420/p,2024-09-30
300,Santa Isabel,Surlat,Pack 12 Un. Leche Surlat Entera 1 L,11988,Leche Entera,https://www.santaisabel.cl/leche-entera-surlat-b-a-1l-x12-1991554-pak/p,2024-09-30
301,Santa Isabel,Cuisine & Co,Pack 12 Un. Leche Cuisine & Co Entera 1 L,12588,Leche Entera,https://www.santaisabel.cl/pack-12-un-leche-entera-1-l-cuisine-and-co-1858321-pak/p,2024-09-30
302,Santa Isabel,Milka,Chocolate De Leche Milka Relleno Con Avellanas Enteras 100 G,1609,Leche Entera,https://www.santaisabel.cl/chocolate-milka-whole-nuts-17ca-100g-1993773/p,2024-09-30
303,Santa Isabel,Colun,Pack 12 Un. Leche Colun Entera Sin Tapa 1 L,15228,Leche Entera,https://www.santaisabel.cl/pack-leche-entera-colun-sin-tapa-1-l-12-unid/p,2024-09-30
304,Santa Isabel,Soprole,Pack 12 Un. Leche Soprole Entera Natural 1 L,14748,Leche Entera,https://www.santaisabel.cl/pack-leche-entera-soprole-1-l-12-unid/p,2024-09-30
305,Santa Isabel,Colun,Pack 6 Un. Leche Colun Entera 200 Ml,3270,Leche Entera,https://www.santaisabel.cl/pack-leche-colun-natural-200-cc-6-unid/p,2024-09-30
306,Santa Isabel,Surlat,Pack 6 Un. Leche Surlat Entera 1 L,7914,Leche Entera,https://www.santaisabel.cl/leche-s-l-entera-surlat-1l-1882658-pak/p,2024-09-30
307,Jumbo,Soprole,Leche Soprole Entera Natural 1 L,1000,Leche Entera,https://www.jumbo.cl/leche-soprole-natural-1-litro/p,2024-09-30
308,Jumbo,Cuisine & Co,Leche Cuisine & Co Entera 1 L,1059,Leche Entera,https://www.jumbo.cl/leche-entera-1-l-cuisine-and-co-1858321/p,2024-09-30
309,Jumbo,Colun,Leche Colun Entera Sin Lactosa 1 L,1389,Leche Entera,https://www.jumbo.cl/leche-entera-sin-lactosa-1-l/p,2024-09-30
310,Jumbo,Loncoleche,Leche Loncoleche Entera Sin Lactosa 1 L,1349,Leche Entera,https://www.jumbo.cl/leche-loncoleche-natural-sin-lactosa-1-l/p,2024-09-30
311,Jumbo,Soprole,Leche Soprole Sin Lactosa Entera 1 L,1339,Leche Entera,https://www.jumbo.cl/leche-s-l-entera-soprole-zerolacto-1lt-1950864/p,2024-09-30
312,Jumbo,Colun,Leche Polvo Colun Entera 900 G,8290,Leche Entera,https://www.jumbo.cl/leche-en-polvo-entera-colun-900-g/p,2024-09-30
313,Jumbo,Soprole,Leche Soprole Entera Cremosa 1 L,1439,Leche Entera,https://www.jumbo.cl/leche-entera-4-5-mg-soprole-1l-1881647/p,2024-09-30
314,Jumbo,Nido,Leche Polvo Nido Entera 800 G,7350,Leche Entera,https://www.jumbo.cl/leche-en-polvo-nido-entera-bolsa-800gr-1930446/p,2024-09-30
315,Jumbo,Colun,Leche Colun Entera 200 Ml,549,Leche Entera,https://www.jumbo.cl/leche-entera-colun-caja-200cc-natural/p,2024-09-30
316,Jumbo,Surlat,Leche Surlat Entera 1 L,1139,Leche Entera,https://www.jumbo.cl/leche-entera-surlat-b-a-1l-1991554/p,2024-09-30
317,Jumbo,Surlat,Leche Surlat Entera Sin Lactosa 1 L,1329,Leche Entera,https://www.jumbo.cl/leche-s-l-entera-surlat-1l-1882658/p,2024-09-30
318,Jumbo,Colun,Leche Polvo Colun Entera 1440 G,12990,Leche Entera,https://www.jumbo.cl/leche-entera-en-polvo-colun-1-4-kg/p,2024-09-30
319,Jumbo,Nido,Leche Polvo Nido Entera 1.35 Kg,10283,Leche Entera,https://www.jumbo.cl/leche-en-polvo-entera-nido-1-35kg-1932750/p,2024-09-30
320,Jumbo,Colun,Leche Colun A2 Entera Sin Lactosa 1 L,2599,Leche Entera,https://www.jumbo.cl/leche-colun-a2-entera-s-l-1lt-1983420/p,2024-09-30
321,Jumbo,Calo,Leche Polvo Calo Entera 850 G,7229,Leche Entera,https://www.jumbo.cl/leche-entera-calo-en-polvo-bolsa-900-g-2/p,2024-09-30
322,Jumbo,Soprole,Leche Soprole Entera Natural 200 Ml,489,Leche Entera,https://www.jumbo.cl/leche-entera-soprole-200-ml/p,2024-09-30
323,Jumbo,Ecoterra,Leche Ecoterra Entera Vacas Libre Pastoreo 1 L,2849,Leche Entera,https://www.jumbo.cl/leche-entera-ecoterra-1lt-1859905/p,2024-09-30
324,Jumbo,Calo,Leche Polvo Calo Entera 1.44 Kg,12590,Leche Entera,https://www.jumbo.cl/leche-polvo-calo-entera-1440-gr-1972111/p,2024-09-30
325,Jumbo,Nido,Leche Polvo Nido Entera 1.9 Kg,19350,Leche Entera,https://www.jumbo.cl/leche-nido-entera-1900g-1967860/p,2024-09-30
326,Jumbo,San Ignacio,Leche San Ignacio Entera Fresca 1 L,3049,Leche Entera,https://www.jumbo.cl/leche-entera-fresca-san-ignacio-1-l/p,2024-09-30
327,Jumbo,Ecoterra,Leche Ecoterra Entera 1 L,3299,Leche Entera,https://www.jumbo.cl/leche-entera-ecoterra-a2-1lt-1992080/p,2024-09-30
328,Jumbo,Milka,Chocolate De Leche Milka Relleno Con Avellanas Enteras 100 G,2329,Leche Entera,https://www.jumbo.cl/chocolate-milka-whole-nuts-17ca-100g-1993773/p,2024-09-30
329,Jumbo,Colun,Pack 6 Un. Leche Colun Entera 200 Ml,3294,Leche Entera,https://www.jumbo.cl/pack-leche-colun-natural-200-cc-6-unid/p,2024-09-30
330,Jumbo,Soprole,Pack 12 Un. Leche Soprole Entera Natural 1 L,12000,Leche Entera,https://www.jumbo.cl/pack-leche-entera-soprole-1-l-12-unid/p,2024-09-30
331,Jumbo,Colun,Pack 12 Un. Leche Colun Entera Sin Lactosa 1 L,16668,Leche Entera,https://www.jumbo.cl/pack-leche-entera-sin-lactosa-12-un-1-l-c-u/p,2024-09-30
332,Jumbo,Cuisine & Co,Pack 12 Un. Leche Cuisine & Co Entera 1 L,12708,Leche Entera,https://www.jumbo.cl/pack-12-un-leche-entera-1-l-cuisine-and-co-1858321-pak/p,2024-09-30
333,Jumbo,Soprole,Pack 6 Un. Leche Soprole Entera Natural 200 Ml,2814,Leche Entera,https://www.jumbo.cl/leche-entera-soprole-uht-200ml-x6-1843490-pak/p,2024-09-30
334,Jumbo,Surlat,Pack 12 Un. Leche Surlat Entera 1 L,13668,Leche Entera,https://www.jumbo.cl/leche-entera-surlat-b-a-1l-x12-1991554-pak/p,2024-09-30
335,Jumbo,Ritter Sport,Chocolate De Leche Ritter Sport Con Avellanas Enteras 100 G,2949,Leche Entera,https://www.jumbo.cl/chocolate-ritter-sport-100-g-con-avellanas-enteras/p,2024-09-30
336,Jumbo,Surlat,Pack 6 Un. Leche Surlat Entera 1 L,7974,Leche Entera,https://www.jumbo.cl/leche-s-l-entera-surlat-1l-1882658-pak/p,2024-09-30
