Supermercado,Marca,Producto,Precio,Categoria,Enlace,Fecha,porMayor
Lider,Soprole,"Leche Entera Natural, 200 Ml",470,Leche Entera,https://www.lider.cl/supermercado/product/sku/4512350/soprole-leche-entera-natural-200-ml,2024-10-01,
Lider,Costa,"Galletas Frac Bi Capuccino, 110 G",483,Frac,https://www.lider.cl/supermercado/product/sku/5363/costa-galletas-frac-bi-capuccino-110-g,2024-10-01,
Lider,Costa,"Galleta Frac Clásica, 110 G",483,Frac,https://www.lider.cl/supermercado/product/sku/1411447/costa-galleta-frac-clasica-110-g,2024-10-01,
Lider,Costa,"Galleta Frac Chocolate, 110 G",483,Frac,https://www.lider.cl/supermercado/product/sku/1411445/costa-galleta-frac-chocolate-110-g,2024-10-01,
Lider,Costa,"Galleta Frac Bi Frutilla, 110 G",483,Frac,https://www.lider.cl/supermercado/product/sku/5375/costa-galleta-frac-bi-frutilla-110-g,2024-10-01,
Lider,Costa,"Galletas Frac Naranja, 110 G",483,Frac,https://www.lider.cl/supermercado/product/sku/1158795/costa-galletas-frac-naranja-110-g,2024-10-01,
Lider,Costa,"Galleta Frac Vainilla, 110 G",483,Frac,https://www.lider.cl/supermercado/product/sku/1411449/costa-galleta-frac-vainilla-110-g,2024-10-01,
Santa Isabel,Soprole,Leche Soprole Entera Natural 200 Ml,485,Leche Entera,https://www.santaisabel.cl/leche-entera-soprole-200-ml-1843490/p,2024-10-01,
Jumbo,Soprole,Leche Soprole Entera Natural 200 Ml,489,Leche Entera,https://www.jumbo.cl/leche-entera-soprole-200-ml/p,2024-10-01,
Santa Isabel,Costa,Galleta Frac Bi Frutilla 110 G,500,Frac,https://www.santaisabel.cl/galleta-frac-bi-frutilla-110gr/p,2024-10-01,
Santa Isabel,Costa,Galleta Frac Naranja 110 G,500,Frac,https://www.santaisabel.cl/galleta-frac-naranja-110-gr-2004372/p,2024-10-01,
Unimarc,Merkat,Pasta Tallarines N°77 Merkat 400 G,510,Tallarín,https://www.unimarc.cl/product/pasta-tallarines-n-77-merkat-400-g,2024-10-01,
Unimarc,Merkat,Pasta Spaghetti N°5 Merkat 400 G,510,Tallarín,https://www.unimarc.cl/product/spaghetti-n-5-merkat-400-gr,2024-10-01,
Unimarc,Costa,Galletas Costa Frac Vainilla 130 G,510,Frac,https://www.unimarc.cl/product/galleta-frac-vainilla-costa-130-gr,2024-10-01,
Unimarc,Nutregal,Pasta Tallarines N° 87 Nutregal 400 G,510,Tallarín,https://www.unimarc.cl/product/tallarin-87-nutregal-400-gr,2024-10-01,
Unimarc,Costa,Galletas Costa Frac Chocolate 130 G,510,Frac,https://www.unimarc.cl/product/galletas-frac-chocolate-costa-130-g,2024-10-01,
Unimarc,Nutregal,Pasta Spaghetti N°5 Nutregal 400 G,510,Tallarín,https://www.unimarc.cl/product/spaghetti-n5-nutregal-400-gr,2024-10-01,
Lider,Colun,"Leche Entera Natural Caja, 200 Ml",530,Leche Entera,https://www.lider.cl/supermercado/product/sku/291971/colun-leche-entera-natural-caja-200-ml,2024-10-01,
Unimarc,Soprole,Leche Entera Natural Soprole 200 Ml,530,Leche Entera,https://www.unimarc.cl/product/leche-entera-soprole-200-ml-2,2024-10-01,
Santa Isabel,Máxima,Espirales Máxima 400 G,530,Tallarín,https://www.santaisabel.cl/espirales-maxima-400-g-1757439/p,2024-10-01,
Santa Isabel,Máxima,Tallarín N°77 Máxima 400 G,530,Tallarín,https://www.santaisabel.cl/tallarin-n-77-maxima-400-g-1757441/p,2024-10-01,
Santa Isabel,Máxima,Spaghetti N° 5 Máxima 400 G,530,Tallarín,https://www.santaisabel.cl/spaghetti-n-5-maxima-400-g-1757440/p,2024-10-01,
Santa Isabel,Máxima,Corbatas Máxima 400 G,530,Tallarín,https://www.santaisabel.cl/corbatas-maxima-400-g-1757438/p,2024-10-01,
Santa Isabel,Colun,Leche Colun Entera 200 Ml,545,Leche Entera,https://www.santaisabel.cl/leche-entera-colun-caja-200cc-natural/p,2024-10-01,
Jumbo,Colun,Leche Colun Entera 200 Ml,549,Leche Entera,https://www.jumbo.cl/leche-entera-colun-caja-200cc-natural/p,2024-10-01,
Santa Isabel,Costa,Galletas Frac Clásica 52 G,550,Frac,https://www.santaisabel.cl/galletas-frac-clasica-52-g-1290080/p,2024-10-01,
Unimarc,Colun,Leche Entera Natural Colun 200 Ml,570,Leche Entera,https://www.unimarc.cl/product/leche-entera-natural-colun-200ml,2024-10-01,
Jumbo,Costa,Galleta Frac Bi Capuccino 110 G,590,Frac,https://www.jumbo.cl/galleta-frac-bi-capuccino-110-gr-2004370/p,2024-10-01,
Jumbo,Costa,Galleta Frac Bi Frutilla 110 G,590,Frac,https://www.jumbo.cl/galleta-frac-bi-frutilla-110gr-2004371/p,2024-10-01,
Jumbo,Costa,Galleta Frac Naranja 110 G,590,Frac,https://www.jumbo.cl/galleta-frac-naranja-110-gr-2004372/p,2024-10-01,
Jumbo,Costa,Galleta Frac Chocolate 110 G,590,Frac,https://www.jumbo.cl/galleta-frac-chocolate-110gr-2004369/p,2024-10-01,
Jumbo,Costa,Galleta Frac Vainilla 110 G,590,Frac,https://www.jumbo.cl/galleta-frac-vainilla-110-gr-2004367/p,2024-10-01,
Jumbo,Costa,Galleta Frac Clásica 110 G,590,Frac,https://www.jumbo.cl/galleta-frac-clasica-110-gr-2004368/p,2024-10-01,
Santa Isabel,Minuto Verde,Hamburguesa Vegana De Porotos 100 G,594,Porotos,https://www.santaisabel.cl/hamburguesa-vegana-de-porotos-100-g/p,2024-10-01,
Unimarc,Nestle,Leche Entera Trencito Nestlé Sabor Chocolate 200 Ml,610,Leche Entera,https://www.unimarc.cl/product/leche-chocolate-entera-trencito-nestle-200-ml,2024-10-01,
Unimarc,Carozzi,Pasta Spaghetti N° 5 Carozzi 400 G,660,Tallarín,https://www.unimarc.cl/product/carozzi-spaghetti-n-5-400-g,2024-10-01,3 x $1.980
Unimarc,Carozzi,Pasta Tallarines N° 87 Carozzi 400 G,660,Tallarín,https://www.unimarc.cl/product/tallarines-87-carozzi-400-gr,2024-10-01,3 x $1.980
Lider,Carozzi,"Fideos Espiral N°49, 400 G",660,Tallarín,https://www.lider.cl/supermercado/product/sku/3279/carozzi-fideos-espiral-n49-400-g,2024-10-01,3 x $1.981
Lider,Carozzi,"Fideos Cabello Ángel Corto, 400 G",660,Tallarín,https://www.lider.cl/supermercado/product/sku/2737/carozzi-fideos-cabello-angel-corto-400-g,2024-10-01,3 x $1.981
Lider,Carozzi,"Fideos Tallarin N°87, 400 G",660,Tallarín,https://www.lider.cl/supermercado/product/sku/2717/carozzi-fideos-tallarin-n87-400-g,2024-10-01,3 x $1.981
Lider,Carozzi,"Fideos Fettuccine N°88, 400 G",660,Tallarín,https://www.lider.cl/supermercado/product/sku/299553/carozzi-fideos-fettuccine-n88-400-g,2024-10-01,3 x $1.981
Lider,Carozzi,"Fideos Corbata N°80, 400 G",660,Tallarín,https://www.lider.cl/supermercado/product/sku/715313/carozzi-fideos-corbata-n80-400-g,2024-10-01,3 x $1.981
Lider,Carozzi,"Fideos Spaghetti N°5, 400 G",660,Tallarín,https://www.lider.cl/supermercado/product/sku/2713/carozzi-fideos-spaghetti-n5-400-g,2024-10-01,3 x $1.981
Unimarc,Costa,Galletas Frac Naranja 110 G,720,Frac,https://www.unimarc.cl/product/galleta-frac-costa-110gr-naranja,2024-10-01,
Unimarc,Costa,Galletas Frac Bi Cappuccino 110 G,720,Frac,https://www.unimarc.cl/product/galleta-frac-costa-110gr-bi-capuccino,2024-10-01,
Unimarc,Costa,Galletas Frac Bi Frutilla 110 G,720,Frac,https://www.unimarc.cl/product/galleta-frac-costa-110gr-bi-frutilla,2024-10-01,
Unimarc,Costa,Galletas Frac Vainilla 110 G,720,Frac,https://www.unimarc.cl/product/galleta-frac-costa-110gr-vainilla,2024-10-01,
Unimarc,Costa,Galletas Frac Chocolate 110 G,720,Frac,https://www.unimarc.cl/product/galleta-frac-costa-110gr-chocolate,2024-10-01,
Unimarc,Costa,Galletas Frac Clásica 110 G,720,Frac,https://www.unimarc.cl/product/galleta-frac-costa-110gr-clasica,2024-10-01,
Lider,Lucchetti,"Fideos Corbatas Bolsa, 400 G",747,Tallarín,https://www.lider.cl/supermercado/product/sku/296803/lucchetti-fideos-corbatas-bolsa-400-g,2024-10-01,4 x $2.990
Lider,Lucchetti,"Fideos Canutos Bolsa, 400 G",747,Tallarín,https://www.lider.cl/supermercado/product/sku/296847/lucchetti-fideos-canutos-bolsa-400-g,2024-10-01,4 x $2.990
Lider,Lucchetti,"Fideos Espirales 56 Bolsa, 400 G",747,Tallarín,https://www.lider.cl/supermercado/product/sku/296751/lucchetti-fideos-espirales-56-bolsa-400-g,2024-10-01,4 x $2.990
Lider,Lucchetti,"Fideos Tallarines 77 Bolsa, 400 G",747,Tallarín,https://www.lider.cl/supermercado/product/sku/296907/lucchetti-fideos-tallarines-77-bolsa-400-g,2024-10-01,4 x $2.990
Lider,Lucchetti,"Fideos Spaghetti 5 Bolsa, 400 G",747,Tallarín,https://www.lider.cl/supermercado/product/sku/10703/lucchetti-fideos-spaghetti-5-bolsa-400-g,2024-10-01,4 x $2.990
Unimarc,Nuestra Cocina,Pasta Tallarines 77 Nuestra Cocina 400 G,760,Tallarín,https://www.unimarc.cl/product/pasta-nuestra-cocina-400-tallarines-77,2024-10-01,
Santa Isabel,Lucchetti,Espirales Proslow Lucchetti 400 G,777,Tallarín,https://www.santaisabel.cl/espirales-lucchetti-bolsa-400-g/p,2024-10-01,
Santa Isabel,Lucchetti,Fideos Mostaccioli Lucchetti 400 G,777,Tallarín,https://www.santaisabel.cl/fideos-mostaccioli-400-g/p,2024-10-01,
Santa Isabel,Lucchetti,Tallarín N°77 Lucchetti 400 G,777,Tallarín,https://www.santaisabel.cl/tallarines-n-77-lucchetti-bolsa-400-g/p,2024-10-01,
Santa Isabel,Lucchetti,Canutos Lucchetti 400 G,777,Tallarín,https://www.santaisabel.cl/canutos-lucchetti-bolsa-400-g/p,2024-10-01,
Santa Isabel,Lucchetti,Corbatas Lucchetti 400 G,777,Tallarín,https://www.santaisabel.cl/corbatas-lucchetti-bolsa-400-g/p,2024-10-01,
Santa Isabel,Lucchetti,Spaghetti N°5 Lucchetti 400 G,777,Tallarín,https://www.santaisabel.cl/spaghetti-n-5-lucchetti-bolsa-400-g/p,2024-10-01,
Santa Isabel,Lucchetti,Espirales Tr3S Lucchetti 400 G,777,Tallarín,https://www.santaisabel.cl/espirales-lucchetti-bolsa-400-g-tr3s-tomate-natural-espinaca/p,2024-10-01,
Unimarc,Carozzi,Pasta Spaghetti Integral Carozzi 400 G,780,Tallarín,https://www.unimarc.cl/product/spaghetti-integral-carozzi-400-gr,2024-10-01,3 x $2.340
Santa Isabel,Cuisine & Co,Spaghetti Vitaminizado 400 G,790,Tallarín,https://www.santaisabel.cl/spaghetti-vitaminizado-400-g-cuisine-and-co-1870148/p,2024-10-01,
Santa Isabel,Cuisine & Co,Tallarín Vitaminizado 400 G,790,Tallarín,https://www.santaisabel.cl/tallarin-vitaminizado-400-g-cuisine-and-co-1870149/p,2024-10-01,
Santa Isabel,Cuisine & Co,Canutos Vitaminizados 400 G,790,Tallarín,https://www.santaisabel.cl/canutos-vitaminizados-400-g-cuisine-and-co-1870153/p,2024-10-01,
Santa Isabel,Cuisine & Co,Espirales Vitaminizados 400 G,790,Tallarín,https://www.santaisabel.cl/espirales-vitaminizados-400-g-cuisine-and-co-1870151/p,2024-10-01,
Jumbo,Cuisine & Co,Spaghetti Vitaminizado 400 G,810,Tallarín,https://www.jumbo.cl/spaghetti-vitaminizado-400-g-cuisine-and-co-1870148/p,2024-10-01,
Jumbo,Cuisine & Co,Tallarín Vitaminizado 400 G,810,Tallarín,https://www.jumbo.cl/tallarin-vitaminizado-400-g-cuisine-and-co-1870149/p,2024-10-01,
Unimarc,Carozzi,Pasta Spaghetti N° 5 Carozzi Tricolor 400 G,850,Tallarín,https://www.unimarc.cl/product/carozzi-spaghetti-n-5-tricolor-400-g,2024-10-01,3 x $2.550
Unimarc,Carozzi,Pasta Tallarines N° 87 Carozzi Con Espinaca 400 G,850,Tallarín,https://www.unimarc.cl/product/carozzi-tallarines-n-87-con-espinaca-400-g,2024-10-01,3 x $2.550
Santa Isabel,Iansa Agro,Porotos Rojos Listos 390 G,890,Porotos,https://www.santaisabel.cl/porotos-rojos-sin-sal-anadida-390-g-1881641/p,2024-10-01,
Lider,San José,"Lomos De Jurel Ahumado, Drenado 104 G - Neto …",903,Jurel,https://www.lider.cl/supermercado/product/sku/1045741/san-jose-lomos-de-jurel-ahumado-drenado-104-g-neto-160-g,2024-10-01,
Lider,San José,"Lomos De Jurel En Aceite, Drenado 104 G - Neto 160…",903,Jurel,https://www.lider.cl/supermercado/product/sku/959561/san-jose-lomos-de-jurel-en-aceite-drenado-104-g-neto-160-g,2024-10-01,
Lider,San José,"Lomos De Jurel Al Natural, Drenado 104 G - Neto 16…",903,Jurel,https://www.lider.cl/supermercado/product/sku/959563/san-jose-lomos-de-jurel-al-natural-drenado-104-g-neto-160-g,2024-10-01,
Lider,Colun,"Leche Entera Natural Caja, 1 L",950,Leche Entera,https://www.lider.cl/supermercado/product/sku/5101/colun-leche-entera-natural-caja-1-l,2024-10-01,
Lider,Lider,"Porotos Verdes Corte Francés, 350 G",952,Porotos,https://www.lider.cl/supermercado/product/sku/488247/lider-porotos-verdes-corte-frances-350-g,2024-10-01,
Jumbo,Talliani,Spaghetti N°5 Talliani Integral 400 G,968,Tallarín,https://www.jumbo.cl/talliani-spaghetti-5-integral-400g-1937088/p,2024-10-01,
Santa Isabel,Cuisine & Co,Fusilli 100% Trigo Duro 400 G,970,Tallarín,https://www.santaisabel.cl/fusilli-100-trigo-duro-400-g-1922157/p,2024-10-01,
Santa Isabel,Cuisine & Co,Farfalle 100% Trigo Duro 400 G,970,Tallarín,https://www.santaisabel.cl/farfalle-100-trigo-duro-400-g-1922156/p,2024-10-01,
Santa Isabel,Cuisine & Co,Spaghetti 100% Trigo Duro 400 G,970,Tallarín,https://www.santaisabel.cl/spaghetti-100-trigo-duro-400-g-1922153/p,2024-10-01,
Unimarc,Talliani,Pasta Tallarines N° 77 Talliani Al Huevo 400 G,975,Tallarín,https://www.unimarc.cl/product/tallarines-77-talliani-400-gr,2024-10-01,2 x $1.950
Unimarc,Talliani,Pasta Spaghetti N° 5 Talliani Al Huevo 400 G,975,Tallarín,https://www.unimarc.cl/product/talliani-spaghetti-n-5-al-huevo-400-g,2024-10-01,2 x $1.950
Jumbo,Trattoria,Pasta Spaghetti N°5 Trattoria 400 G,990,Tallarín,https://www.jumbo.cl/spaghetti-n-5-trattoria-bolsa-400-g-con-huevos-frescos/p,2024-10-01,
Santa Isabel,De Reyes,Jurel De Reyes 230 G Drenado,990,Jurel,https://www.santaisabel.cl/jurel-de-reyes-230-gr-dr-1997800/p,2024-10-01,
Jumbo,Trattoria,Pasta Tallarín N°87 Trattoria 400 G,990,Tallarín,https://www.jumbo.cl/tallarines-n-87-trattoria-bolsa-400-g-con-huevos-frescos/p,2024-10-01,
Unimarc,Iansa Agro,Porotos Rojos Iansa Agro Listos 390 G,990,Porotos,https://www.unimarc.cl/product/porotos-rojos-l-serv-iansa-agro-390gr,2024-10-01,
Unimarc,Iansa Agro,Porotos Blancos Listos Iansa Agro 390 G,990,Porotos,https://www.unimarc.cl/product/porotos-blancos-tetrapack-iansa-390-gr,2024-10-01,
Jumbo,Cuisine & Co,Spaghetti 100% Trigo Duro 400 G,990,Tallarín,https://www.jumbo.cl/spaghetti-100-trigo-duro-c-and-co-400g-1922153/p,2024-10-01,
Unimarc,Iansa Agro,Porotos Negros Listos Iansa Agro 390 G,990,Porotos,https://www.unimarc.cl/product/porotos-negros-tetrapack-iansa-390-gr,2024-10-01,
Unimarc,Costa,Bombón Frac Costa Chocolate Con Trozos De Galleta 75G,990,Frac,https://www.unimarc.cl/product/bombon-choc-rell-galleta-frac-costa-15gr,2024-10-01,
Santa Isabel,Deyco,Jurel Al Natural Deyco 255 G Drenado,990,Jurel,https://www.santaisabel.cl/jurel-deyco-255g/p,2024-10-01,
Santa Isabel,Surlat,Leche Surlat Entera 1 L,999,Leche Entera,https://www.santaisabel.cl/leche-entera-surlat-b-a-1l-1991554/p,2024-10-01,
Jumbo,Soprole,Leche Soprole Entera Natural 1 L,1000,Leche Entera,https://www.jumbo.cl/leche-soprole-natural-1-litro/p,2024-10-01,
Unimarc,U Mas Ahorro,Jurel Unimarc Mas Ahorro 425 G,1000,Jurel,https://www.unimarc.cl/product/jurel-unimarc-mas-ahorro-425-gr,2024-10-01,
Jumbo,Iansa Agro,Porotos Negros Iansa Agro Listos 390 G,1000,Porotos,https://www.jumbo.cl/porotos-negros-agro-390-g/p,2024-10-01,
Unimarc,1881,Pasta Spaghetti N° 5 1881 500 G,1000,Tallarín,https://www.unimarc.cl/product/fideo-spaghetti-n5-1881-500-gr,2024-10-01,
Unimarc,1881,Pasta Spaghetti N°5 1881 Bolsa 500 G,1000,Tallarín,https://www.unimarc.cl/product/spaghetti-bio-organic-1881-500-gr,2024-10-01,
Jumbo,Iansa Agro,Porotos Blancos Iansa Agro Listos 390 G,1000,Porotos,https://www.jumbo.cl/porotos-blancos-agro-390-g/p,2024-10-01,
Jumbo,Surlat,Leche Surlat Entera 1 L,1000,Leche Entera,https://www.jumbo.cl/leche-entera-surlat-b-a-1l-1991554/p,2024-10-01,
Santa Isabel,Iansa Agro,Porotos Blancos Iansa Agro Listos 390 G,1000,Porotos,https://www.santaisabel.cl/porotos-blancos-listos-sin-sal-anadida-390g/p,2024-10-01,
Santa Isabel,Iansa Agro,Porotos Negros Iansa Agro Listos 390 G,1000,Porotos,https://www.santaisabel.cl/porotos-negros-listos-sin-sal-anadida-390g/p,2024-10-01,
Jumbo,Talliani,Tallarín N°78 Talliani 400 G,1013,Tallarín,https://www.jumbo.cl/tallarines-n-78-talliani-bolsa-400-g/p,2024-10-01,
Jumbo,Talliani,Tallarín N°77 Talliani 400 G,1013,Tallarín,https://www.jumbo.cl/tallarines-n-77-talliani-bolsa-400-g-con-huevos-frescos/p,2024-10-01,
Jumbo,Talliani,Spaghetti N°5 Talliani Al Huevo 400 G,1013,Tallarín,https://www.jumbo.cl/spaghetti-n-5-talliani-bolsa-400-g-con-huevos-frescos/p,2024-10-01,
Lider,Costa,"Galleta Frac 4 Un, 52 G",1030,Frac,https://www.lider.cl/supermercado/product/sku/4430940/costa-galleta-frac-4-un-52-g,2024-10-01,
Jumbo,Talliani,Spaghetti Talliani 3 Sabores 400 G,1035,Tallarín,https://www.jumbo.cl/spaghetti-3-sabores-talliani-400g-1864393/p,2024-10-01,
Santa Isabel,Colun,Leche Colun Entera 1 L,1049,Leche Entera,https://www.santaisabel.cl/leche-entera-colun-caja-1-l-natural/p,2024-10-01,
Santa Isabel,Carozzi,Pasta Tallarin N°87 Carozzi 400 G,1050,Tallarín,https://www.santaisabel.cl/tallarines-n-87-carozzi-bolsa-400-g-2/p,2024-10-01,
Santa Isabel,Carozzi,Pasta Fettuccine N°88 Carozzi 400 G,1050,Tallarín,https://www.santaisabel.cl/fettuccini-carozzi-bolsa-400-g-n-88/p,2024-10-01,
Santa Isabel,Carozzi,Pasta Spaghetti N°3 Carozzi 400 G,1050,Tallarín,https://www.santaisabel.cl/spaghetti-n-3-carozzi-bolsa-400-g-2/p,2024-10-01,
Santa Isabel,Carozzi,Pasta Quifaro N°36 Carozzi 400 G,1050,Tallarín,https://www.santaisabel.cl/quifaros-carozzi-bolsa-400-g-2/p,2024-10-01,
Santa Isabel,Carozzi,Pasta Rigatoni N°48 Carozzi 400 G,1050,Tallarín,https://www.santaisabel.cl/rigatoni-carozzi-bolsa-400-g-2/p,2024-10-01,
Santa Isabel,Carozzi,Pasta Capellini N°25 Carozzi 400 G,1050,Tallarín,https://www.santaisabel.cl/capellini-bolsa-400-g-264984/p,2024-10-01,
Santa Isabel,Carozzi,Pasta Mostaccioli N°46 Carozzi 400 G,1050,Tallarín,https://www.santaisabel.cl/mostaccioli-carozzi-400-g/p,2024-10-01,
Santa Isabel,Carozzi,Pasta Espiral N°49 Carozzi 400 G,1050,Tallarín,https://www.santaisabel.cl/espirales-carozzi-bolsa-400-g/p,2024-10-01,
Santa Isabel,Carozzi,Pasta Spaghetti N°5 Carozzi 400 G,1050,Tallarín,https://www.santaisabel.cl/spaghetti-n-5-carozzi-bolsa-400-g-2/p,2024-10-01,
Lider,Loncoleche,"Leche Natural Entera Lonco Leche, 1 L",1050,Leche Entera,https://www.lider.cl/supermercado/product/sku/1002314/loncoleche-leche-natural-entera-lonco-leche-1-l,2024-10-01,
Lider,Lider,"Leche Natural Entera, 1 L",1050,Leche Entera,https://www.lider.cl/supermercado/product/sku/3091/lider-leche-natural-entera-1-l,2024-10-01,
Lider,Lucchetti,"Fideos Espirales Trisabor Bolsa, 400 G",1050,Tallarín,https://www.lider.cl/supermercado/product/sku/11493/lucchetti-fideos-espirales-trisabor-bolsa-400-g,2024-10-01,
Santa Isabel,Carozzi,Pasta Corbata N°80 Carozzi 400 G,1050,Tallarín,https://www.santaisabel.cl/corbatas-carozzi-bolsa-400-g/p,2024-10-01,
Unimarc,Loncoleche,Leche Entera Sin Lactosa Loncoleche Con Tapa 1 L,1057,Leche Entera,https://www.unimarc.cl/product/leche-entera-sin-lactosa-loncoleche-con-tapa-1-l,2024-10-01,
Santa Isabel,Cuisine & Co,Leche Cuisine & Co Entera 1 L,1059,Leche Entera,https://www.santaisabel.cl/leche-entera-1-l-cuisine-and-co-1858321/p,2024-10-01,
Santa Isabel,Soprole,Leche Soprole Sin Lactosa Entera 1 L,1069,Leche Entera,https://www.santaisabel.cl/leche-s-l-entera-soprole-zerolacto-1lt-1950864/p,2024-10-01,
Jumbo,Cuisine & Co,Leche Cuisine & Co Entera 1 L,1069,Leche Entera,https://www.jumbo.cl/leche-entera-1-l-cuisine-and-co-1858321/p,2024-10-01,
Lider,Frutos Del Maipo,"Porotos Verdes Corte Normal, 350 G",1074,Porotos,https://www.lider.cl/supermercado/product/sku/279695/frutos-del-maipo-porotos-verdes-corte-normal-350-g,2024-10-01,
Lider,El Golfo,"Croqueta De Jurel, 100 G",1090,Jurel,https://www.lider.cl/supermercado/product/sku/4611481/el-golfo-croqueta-de-jurel-100-g,2024-10-01,
Unimarc,Lucchetti,Pasta Spaghetti N° 5 Lucchetti 400 G,1090,Tallarín,https://www.unimarc.cl/product/lucchetti-spaghetti-n-5-400-g,2024-10-01,
Unimarc,Los Peumos,Leche Entera Los Peumos 1 L,1090,Leche Entera,https://www.unimarc.cl/product/leche-entera-tetra-los-peumos-1lt,2024-10-01,
Unimarc,Lucchetti,Pasta Tallarines Nº 77 Lucchetti 400 G,1090,Tallarín,https://www.unimarc.cl/product/tallarines-lucchetti-400-gr,2024-10-01,
Jumbo,Carozzi,Pasta Spaghetti N°5 Carozzi 400 G,1090,Tallarín,https://www.jumbo.cl/spaghetti-n-5-carozzi-bolsa-400-g-2/p,2024-10-01,
Unimarc,El Golfo,Croqueta De Jurel El Golfo 100 G,1090,Jurel,https://www.unimarc.cl/product/croqueta-de-jurel-el-golfo-100gr,2024-10-01,
Lider,Surlat,"Leche Entera, 1 L",1090,Leche Entera,https://www.lider.cl/supermercado/product/sku/1060083/surlat-leche-entera-1-l,2024-10-01,
Jumbo,Carozzi,Pasta Spaghetti N°3 Carozzi 400 G,1090,Tallarín,https://www.jumbo.cl/spaghetti-n-3-carozzi-bolsa-400-g-2/p,2024-10-01,
Jumbo,Loncoleche,Leche Loncoleche Entera Sin Lactosa 1 L,1100,Leche Entera,https://www.jumbo.cl/leche-loncoleche-natural-sin-lactosa-1-l/p,2024-10-01,
Lider,Loncoleche,"Leche Entera Natural Sin Lactosa, 1 L",1100,Leche Entera,https://www.lider.cl/supermercado/product/sku/300847/loncoleche-leche-entera-natural-sin-lactosa-1-l,2024-10-01,
Unimarc,Loncoleche,Leche Entera Loncoleche Sin Tapa 1 L,1120,Leche Entera,https://www.unimarc.cl/product/leche-entera-s-t-loncoleche-1-lt,2024-10-01,
Jumbo,Lucchetti,Spaghetti N°5 Lucchetti 400 G,1130,Tallarín,https://www.jumbo.cl/spaghetti-n-5-lucchetti-bolsa-400-g/p,2024-10-01,
Jumbo,Lucchetti,Tallarín N°77 Lucchetti 400 G,1130,Tallarín,https://www.jumbo.cl/tallarines-n-77-lucchetti-bolsa-400-g/p,2024-10-01,
Jumbo,Lucchetti,Spaghetti N°5 Lucchetti Tr3S 400 G,1130,Tallarín,https://www.jumbo.cl/spaghetti-n-5-lucchetti-400-g-tomate-natural-espinaca/p,2024-10-01,
Jumbo,Lucchetti,Tallarín N°78 Lucchetti 400 G,1130,Tallarín,https://www.jumbo.cl/tallarines-n-78-lucchetti-bolsa-400-g/p,2024-10-01,
Santa Isabel,Cuisine & Co,Jurel Natural 130 G Drenado,1149,Jurel,https://www.santaisabel.cl/jurel-natural-c-and-co-130g-dr-1963035/p,2024-10-01,
Lider,Lider,"Porotos Negros, Drenado 230 G - Neto 390 G",1150,Porotos,https://www.lider.cl/supermercado/product/sku/1251439/lider-porotos-negros-drenado-230-g-neto-390-g,2024-10-01,
Unimarc,Colun,Leche Entera Natural Colun Sin Tapa 1 L,1150,Leche Entera,https://www.unimarc.cl/product/leche-entera-natural-colun-sin-tapa-1-l-2,2024-10-01,
Santa Isabel,Cuisine & Co,Porotos Negros 230 G Drenado,1159,Porotos,https://www.santaisabel.cl/porotos-negros-390-g-cuisine-and-co-1862250/p,2024-10-01,
Santa Isabel,Cuisine & Co,Porotos Blancos 230 G Drenado,1159,Porotos,https://www.santaisabel.cl/porotos-blancos-390-g-cuisine-and-co-1862251/p,2024-10-01,
Santa Isabel,Cuisine & Co,Porotos Rojos Cuisine & Co 230 G Drenado,1159,Porotos,https://www.santaisabel.cl/porotos-rojos-390-g-cuisine-and-co-1862249/p,2024-10-01,
Santa Isabel,Carozzi,Pasta Tallarines N°87 Carozzi Espinaca 400 G,1170,Tallarín,https://www.santaisabel.cl/tallarines-n-87-espinaca-400-g/p,2024-10-01,
Santa Isabel,Carozzi,Pasta Spaghetti Tricolor Carozzi 400 G,1170,Tallarín,https://www.santaisabel.cl/spaghetti-n-5-carozzi-bolsa-400-g-tricolori-tomate-clasica-y-espinacas-2/p,2024-10-01,
Santa Isabel,Carozzi,Pasta Fusilli Tricolor Carozzi 400 G,1170,Tallarín,https://www.santaisabel.cl/fusilli-carozzi-400-g-tricolori/p,2024-10-01,
Jumbo,Martini,Sopa Mixta Martini 270 G,1170,Porotos,https://www.jumbo.cl/sopa-mixta-martini-bolsa-270-g-2/p,2024-10-01,
Jumbo,Cuisine & Co,Porotos Negros 230 G Drenado,1179,Porotos,https://www.jumbo.cl/porotos-negros-390-g-cuisine-and-co-1862250/p,2024-10-01,
Jumbo,Cuisine & Co,Porotos Blancos 230 G Drenado,1179,Porotos,https://www.jumbo.cl/porotos-blancos-390-g-cuisine-and-co-1862251/p,2024-10-01,
Jumbo,Cuisine & Co,Porotos Rojos Cuisine & Co 230 G Drenado,1179,Porotos,https://www.jumbo.cl/porotos-rojos-390-g-cuisine-and-co-1862249/p,2024-10-01,
Jumbo,Lucchetti,Spaghetti N°5 Lucchetti Integrales 400 G,1180,Tallarín,https://www.jumbo.cl/spaghetti-integral-lucchetti-400-g/p,2024-10-01,
Unimarc,Surlat,Leche Entera Natural Surlat 1 L,1180,Leche Entera,https://www.unimarc.cl/product/leche-entera-natural-surlat-1-lt,2024-10-01,
Lider,Iansa Agro,"Porotos Blancos Listos, Drenado 230 G - Neto 390 G",1190,Porotos,https://www.lider.cl/supermercado/product/sku/1052982/iansa-agro-porotos-blancos-listos-drenado-230-g-neto-390-g,2024-10-01,
Jumbo,Carozzi,Pasta Spaghetti Tricolor Carozzi 400 G,1190,Tallarín,https://www.jumbo.cl/spaghetti-n-5-carozzi-bolsa-400-g-tricolori-tomate-clasica-y-espinacas-2/p,2024-10-01,
Lider,Iansa Agro,"Porotos Negros Listos, Drenado 230 G - Neto 390 G",1190,Porotos,https://www.lider.cl/supermercado/product/sku/1052976/iansa-agro-porotos-negros-listos-drenado-230-g-neto-390-g,2024-10-01,
Jumbo,Carozzi,Pasta Tallarines N°87 Carozzi Espinaca 400 G,1190,Tallarín,https://www.jumbo.cl/tallarines-n-87-carozzi-bolsa-400-g-espinaca-2/p,2024-10-01,
Lider,Soprole,"Leche Entera Natural, 1 L",1190,Leche Entera,https://www.lider.cl/supermercado/product/sku/702661/soprole-leche-entera-natural-1-l,2024-10-01,
Lider,Trattoria,"Fideos Spaghetti N°5, 400 G",1190,Tallarín,https://www.lider.cl/supermercado/product/sku/270334/trattoria-fideos-spaghetti-n5-400-g,2024-10-01,
Unimarc,Frutos Del Maipo,Porotos Verdes Francés Frutos Del Maipo 350 G,1194,Porotos,https://www.unimarc.cl/product/porotos-verdes-frances-frutos-del-maipo-350-g,2024-10-01,
Jumbo,Cuisine & Co,Jurel Natural 130 G Drenado,1199,Jurel,https://www.jumbo.cl/jurel-natural-c-and-co-130g-1963035/p,2024-10-01,
Santa Isabel,Soprole,Leche Soprole Entera Natural 1 L,1199,Leche Entera,https://www.santaisabel.cl/leche-soprole-natural-1-litro/p,2024-10-01,
Jumbo,Esmeralda,Porotos Negros Esmeralda 400 G,1199,Porotos,https://www.jumbo.cl/porotos-negros-esmeralda-400-g/p,2024-10-01,
Jumbo,Esmeralda,Porotos Blancos Esmeralda 400 G,1199,Porotos,https://www.jumbo.cl/porotos-blanco-esmeralda-400-g/p,2024-10-01,
Unimarc,Soprole,Leche Entera Natural Soprole 1 L,1200,Leche Entera,https://www.unimarc.cl/product/leche-entera-natural-soprole-con-tapa-1-l-2,2024-10-01,
Unimarc,Lucchetti,Pasta Spaghetti N° 5 Lucchetti Integral 400 G,1210,Tallarín,https://www.unimarc.cl/product/spaghetti-5-integral-lucchetti-400-gr,2024-10-01,
Unimarc,Colun,Leche En Polvo Colun Entera 120 G,1240,Leche Entera,https://www.unimarc.cl/product/leche-polvo-entera-colun-120-gr,2024-10-01,
Jumbo,Vivo,Pasta Spaghetti N°5 Vivo 350 G,1240,Tallarín,https://www.jumbo.cl/spaghetti-n-5-vivo-bolsa-350-g/p,2024-10-01,
Santa Isabel,Cuisine & Co,Jurel En Salsa De Tomate 130 G Drenado,1249,Jurel,https://www.santaisabel.cl/jurel-en-tomate-c-and-co-130g-dr-1963036/p,2024-10-01,
Lider,Talliani,"Fideos Spirali Con Huevos Frescos Bolsa, 400 G",1250,Tallarín,https://www.lider.cl/supermercado/product/sku/2689/talliani-fideos-spirali-con-huevos-frescos-bolsa-400-g,2024-10-01,
Lider,Talliani,"Fideos Rigati Con Huevos Frescos Bolsa, 400 G",1250,Tallarín,https://www.lider.cl/supermercado/product/sku/300415/talliani-fideos-rigati-con-huevos-frescos-bolsa-400-g,2024-10-01,
Santa Isabel,Cuisine & Co,Porotos Verdes Congelados 350 G,1250,Porotos,https://www.santaisabel.cl/porotos-verdes-congelados-350-g-cuisine-and-co-1763682/p,2024-10-01,
Lider,Colun,"Leche Entera Sin Lactosa Con Tapa, 1 L",1250,Leche Entera,https://www.lider.cl/supermercado/product/sku/859410/colun-leche-entera-sin-lactosa-con-tapa-1-l,2024-10-01,
Lider,Talliani,"Fideos Spaghetti 5 Con Huevos Frescos Bolsa, 400 G",1250,Tallarín,https://www.lider.cl/supermercado/product/sku/2685/talliani-fideos-spaghetti-5-con-huevos-frescos-bolsa-400-g,2024-10-01,
Lider,Minuto Verde,"Porotos Verdes Corte Francés, 350 G",1253,Porotos,https://www.lider.cl/supermercado/product/sku/300727/minuto-verde-porotos-verdes-corte-frances-350-g,2024-10-01,
Unimarc,Trattoria,Pasta Spaghetti N° 5 Trattoría Al Huevo 400 G,1270,Tallarín,https://www.unimarc.cl/product/spaghetti-5-al-huevo-trattoria-400-gr,2024-10-01,
Unimarc,Trattoria,Pasta Tallarines N° 87 Al Huevo Trattoria 400 G,1270,Tallarín,https://www.unimarc.cl/product/tallarines-87-huevo-trattoria-400-gr,2024-10-01,
Unimarc,Vivo,Pasta Spaghetti N° 5 Vivo 350 G,1280,Tallarín,https://www.unimarc.cl/product/spaghetti-5-vivo-350-gr,2024-10-01,
Unimarc,Nuestra Cocina,Porotos Verdes Nuestra Cocina Congelados 350 G,1290,Porotos,https://www.unimarc.cl/product/porotos-verdes-cong-nuestra-cocina-350g,2024-10-01,
Lider,Surlat,"Leche Entera Sin Lactosa, 1 L",1290,Leche Entera,https://www.lider.cl/supermercado/product/sku/1169869/surlat-leche-entera-sin-lactosa-1-l,2024-10-01,
Jumbo,Cuisine & Co,Jurel En Salsa De Tomate 130 G Drenado,1299,Jurel,https://www.jumbo.cl/jurel-en-tomate-c-and-co-130g-1963036/p,2024-10-01,
Santa Isabel,Surlat,Leche Surlat Entera Sin Lactosa 1 L,1319,Leche Entera,https://www.santaisabel.cl/leche-entera-sin-lactosa1-l-1882658/p,2024-10-01,
Jumbo,Surlat,Leche Surlat Entera Sin Lactosa 1 L,1329,Leche Entera,https://www.jumbo.cl/leche-s-l-entera-surlat-1l-1882658/p,2024-10-01,
Santa Isabel,Talliani,Caracoles Talliani 400 G,1330,Tallarín,https://www.santaisabel.cl/caracoles-talliani-bolsa-400-g/p,2024-10-01,
Santa Isabel,Talliani,Tallarín N°78 Talliani 400 G,1330,Tallarín,https://www.santaisabel.cl/tallarines-n-78-talliani-bolsa-400-g/p,2024-10-01,
Santa Isabel,Talliani,Farfalle Talliani Corbatas 400 G,1330,Tallarín,https://www.santaisabel.cl/farfalle-talliani-bolsa-400-g/p,2024-10-01,
Santa Isabel,Talliani,Rigatti Talliani Al Huevo 400 G,1330,Tallarín,https://www.santaisabel.cl/rigati-talliani-bolsa-400-g-con-huevos-frescos/p,2024-10-01,
Santa Isabel,Talliani,Tallarín N°77 Talliani 400 G,1330,Tallarín,https://www.santaisabel.cl/tallarines-n-77-talliani-bolsa-400-g-con-huevos-frescos/p,2024-10-01,
Santa Isabel,Talliani,Espirales Talliani Al Huevo 400 G,1330,Tallarín,https://www.santaisabel.cl/espirales-talliani-bolsa-400-g/p,2024-10-01,
Santa Isabel,Talliani,Spaghetti N°5 Talliani Al Huevo 400 G,1330,Tallarín,https://www.santaisabel.cl/spaghetti-n-5-talliani-bolsa-400-g-con-huevos-frescos/p,2024-10-01,
Jumbo,Soprole,Leche Soprole Sin Lactosa Entera 1 L,1339,Leche Entera,https://www.jumbo.cl/leche-s-l-entera-soprole-zerolacto-1lt-1950864/p,2024-10-01,
Santa Isabel,Loncoleche,Leche Loncoleche Entera Sin Lactosa 1 L,1339,Leche Entera,https://www.santaisabel.cl/leche-loncoleche-natural-sin-lactosa-1-l/p,2024-10-01,
Santa Isabel,San José,Lomos De Jurel En Aceite San José 104 G Drenado,1340,Jurel,https://www.santaisabel.cl/lomos-de-jurel-aceite-san-jose-104-gr-dr-1939060/p,2024-10-01,
Santa Isabel,San José,Lomos De Jurel Ahumado San José 104 G Drenado,1340,Jurel,https://www.santaisabel.cl/lomos-de-jurel-ahumado-san-jose-104gr-dr-1939061/p,2024-10-01,
Santa Isabel,San José,Lomos De Jurel Natural San José 104 G Drenado,1340,Jurel,https://www.santaisabel.cl/lomos-de-jurel-natural-san-jose-104gr-dr-1939059/p,2024-10-01,
Unimarc,Esmeralda,Porotos Negros Esmeralda Lata 400 G,1340,Porotos,https://www.unimarc.cl/product/porotos-negros-esmeralda-400-gr,2024-10-01,
Unimarc,Esmeralda,Porotos Blancos Esmeralda Lata 400 G,1340,Porotos,https://www.unimarc.cl/product/porotos-blancos-esmeralda-400gr,2024-10-01,
Lider,Wasil,"Porotos Blancos Caja, Drenado 230 G - Neto 380 G",1350,Porotos,https://www.lider.cl/supermercado/product/sku/292577/wasil-porotos-blancos-caja-drenado-230-g-neto-380-g,2024-10-01,
Lider,Wasil,"Porotos Rojos, Drenado 230 G - Neto 380 G",1350,Porotos,https://www.lider.cl/supermercado/product/sku/846816/wasil-porotos-rojos-drenado-230-g-neto-380-g,2024-10-01,
Lider,Wasil,"Porotos Negros Listos Para Servir Caja, Drenado 230 G - Net…",1350,Porotos,https://www.lider.cl/supermercado/product/sku/531717/wasil-porotos-negros-listos-para-servir-caja-drenado-230-g-neto-380-g,2024-10-01,
Unimarc,Colun,Leche Entera Sin Lactosa Colun Con Tapa 1 L,1350,Leche Entera,https://www.unimarc.cl/product/leche-entera-s-lactosa-colun-1-lt-2,2024-10-01,
Jumbo,San José,Lomos De Jurel En Aceite San José 104 G Drenado,1370,Jurel,https://www.jumbo.cl/lomos-de-jurel-aceite-san-jose-104-gr-dr-1939060/p,2024-10-01,
Unimarc,San Jose,Lomos De Jurel San José Natural 160 G,1370,Jurel,https://www.unimarc.cl/product/lomos-de-jurel-san-jose-160-gr-natural,2024-10-01,
Unimarc,San Jose,Lomos De Jurel San José Ahumado 160 G,1370,Jurel,https://www.unimarc.cl/product/lomos-de-jurel-san-jose-160-gr-ahumado,2024-10-01,
Unimarc,San Jose,Lomos De Jurel San José Aceite 160 G,1370,Jurel,https://www.unimarc.cl/product/lomos-de-jurel-san-jose-160-gr-aceite,2024-10-01,
Jumbo,San José,Lomos De Jurel Natural San José 104 G Drenado,1370,Jurel,https://www.jumbo.cl/lomos-de-jurel-natural-san-jose-104gr-dr-1939059/p,2024-10-01,
Jumbo,San José,Lomos De Jurel Ahumado San José 104 G Drenado,1370,Jurel,https://www.jumbo.cl/lomos-de-jurel-ahumado-san-jose-104gr-dr-1939061/p,2024-10-01,
Santa Isabel,Colun,Leche Colun Entera Sin Lactosa 1 L,1379,Leche Entera,https://www.santaisabel.cl/leche-entera-sin-lactosa-1-l/p,2024-10-01,
Jumbo,Colun,Leche Colun Entera Sin Lactosa 1 L,1389,Leche Entera,https://www.jumbo.cl/leche-entera-sin-lactosa-1-l/p,2024-10-01,
Jumbo,Iansa Agro,Porotos Rojos Listos 390 G,1389,Porotos,https://www.jumbo.cl/poroto-rojo-iansa/p,2024-10-01,
Lider,Soprole,"Leche Natural Entera Cremosa, 1 L",1390,Leche Entera,https://www.lider.cl/supermercado/product/sku/1145580/soprole-leche-natural-entera-cremosa-1-l,2024-10-01,
Unimarc,Moccagatta,Pasta Spaghetti Moccagatta Al Bronce 400 G,1390,Tallarín,https://www.unimarc.cl/product/spaghetti-al-bronce-moccagatta-400-gr,2024-10-01,
Unimarc,Soprole,Leche Sin Lactosa Soprole Entera 1 L,1390,Leche Entera,https://www.unimarc.cl/product/leche-zero-lacto-entera-soprole-1lt,2024-10-01,
Unimarc,Minuto Verde,Porotos Verdes Francés Minuto Verde 350 G,1393,Porotos,https://www.unimarc.cl/product/porotos-verdes-frances-minuto-verde-350-g,2024-10-01,
Santa Isabel,Wasil,Porotos Blancos Wasil 230 G Drenado,1429,Porotos,https://www.santaisabel.cl/porotos-wasil-caja-380-g-blancos-listos-para-servir-2/p,2024-10-01,
Santa Isabel,Soprole,Leche Soprole Entera Cremosa 1 L,1429,Leche Entera,https://www.santaisabel.cl/leche-entera-cremosa-1-l/p,2024-10-01,
Santa Isabel,Wasil,Porotos Negros Wasil 230 G Drenado,1429,Porotos,https://www.santaisabel.cl/porotos-negros-wasil-caja-380-g-2/p,2024-10-01,
Unimarc,Surlat,Leche Entera Surlat Sin Lactosa 1 L,1430,Leche Entera,https://www.unimarc.cl/product/leche-entera-sin-lactosa-surlat-1l,2024-10-01,
Jumbo,Soprole,Leche Soprole Entera Cremosa 1 L,1439,Leche Entera,https://www.jumbo.cl/leche-entera-4-5-mg-soprole-1l-1881647/p,2024-10-01,
Jumbo,Wasil,Porotos Blancos Wasil 230 G Drenado,1449,Porotos,https://www.jumbo.cl/porotos-wasil-caja-380-g-blancos-listos-para-servir-2/p,2024-10-01,
Jumbo,Wasil,Porotos Negros Wasil 230 G Drenado,1449,Porotos,https://www.jumbo.cl/porotos-negros-wasil-caja-380-g-2/p,2024-10-01,
Jumbo,Wasil,Porotos Rojos Wasil Listo Para Servir 230 G Drenado,1449,Porotos,https://www.jumbo.cl/porotos-rojos-wasil-listo-para-servir-380-g/p,2024-10-01,
Santa Isabel,Frutos Del Maipo,Porotos Verdes Frutos Del Maipo 350 G,1490,Porotos,https://www.santaisabel.cl/porotos-verdes-frutos-del-maipo-bolsa-350-g-congelado-2/p,2024-10-01,
Santa Isabel,Minuto Verde,Poroto Verde Corte Francés Minuto Verde 350 G,1495,Porotos,https://www.santaisabel.cl/poroto-verde-corte-frances-minuto-verde-350-g/p,2024-10-01,
Jumbo,Vermicelli,Fideos De Porotos Vermicelli Bolsa 200 G,1530,Porotos,https://www.jumbo.cl/fideos-de-porotos-vermicelli-bolsa-200-g/p,2024-10-01,
Unimarc,Wasil,Porotos Wasil Tetra 380 G,1540,Porotos,https://www.unimarc.cl/product/porotos-wasil-380-gr,2024-10-01,
Unimarc,Wasil,Porotos Negros Wasil Tetra 380 G,1540,Porotos,https://www.unimarc.cl/product/porotos-negros-wasil-380-gr,2024-10-01,
Unimarc,Wasil,Porotos Rojos Wasil Tetra 380 G,1540,Porotos,https://www.unimarc.cl/product/porotos-rojos-wasil-380gr,2024-10-01,
Unimarc,Nestle,Picado Nestlé Naturnes Porotos Con Tallarines 215 G,1547,Tallarín,https://www.unimarc.cl/product/alim-picado-porotos-c-tallar-nestle-215g,2024-10-01,3 x $4.641
Jumbo,Costa,Pack Galletas Frac Chocolates 208 G 4 Un.,1599,Frac,https://www.jumbo.cl/pack-frac-chocolates-208-gr-1975282/p,2024-10-01,
Santa Isabel,Milka,Chocolate De Leche Milka Relleno Con Avellanas Enteras 100 G,1609,Leche Entera,https://www.santaisabel.cl/chocolate-milka-whole-nuts-17ca-100g-1993773/p,2024-10-01,
Unimarc,Nuestra Cocina,Jurel Nuestra Cocina Natural 425 G,1690,Jurel,https://www.unimarc.cl/product/jurel-natural-nuestra-cocina-425g,2024-10-01,
Lider,Lider,"Jurel Natural, Drenado 300 G - Neto 425 G",1690,Jurel,https://www.lider.cl/supermercado/product/sku/5005/lider-jurel-natural-drenado-300-g-neto-425-g,2024-10-01,
Unimarc,1881,Pasta Spaghetti N°5 1881 Integral 500 G,1770,Tallarín,https://www.unimarc.cl/product/spaghetti-5-integral-1881-500-gr,2024-10-01,
Jumbo,San José,Jurel Al Natural San José Lata 300 G Drenado,1790,Jurel,https://www.jumbo.cl/jurel-san-jose-lata-425-g-al-natural-con-omega-3/p,2024-10-01,
Jumbo,Martini,Porotos Negros Martini 500 G,1810,Porotos,https://www.jumbo.cl/porotos-negros-martini-bolsa-500-g-2/p,2024-10-01,
Unimarc,Ecoterra,Leche De Vaca Libre Ecoterra Entera 1 L,1812,Leche Entera,https://www.unimarc.cl/product/leche-entera-ecoterra-1-lt,2024-10-01,
Jumbo,Fisherman,Lomos De Jurel Oliva Fisherman 104 G Drenado,1820,Jurel,https://www.jumbo.cl/lomos-de-jurel-oliva-fisherman-104-gr-dr-1939062/p,2024-10-01,
Santa Isabel,Cuisine & Co,Jurel Al Natural 300 G Drenado,1820,Jurel,https://www.santaisabel.cl/jurel-al-natural-300-g-drenado-cuisine-and-co-1841074/p,2024-10-01,
Lider,San José,"Jurel Natural Abre Fácil, Drenado 300 G - Neto 425 G",1850,Jurel,https://www.lider.cl/supermercado/product/sku/2669/san-jose-jurel-natural-abre-facil-drenado-300-g-neto-425-g,2024-10-01,
Jumbo,Cuisine & Co,Jurel Al Natural 300 G Drenado,1890,Jurel,https://www.jumbo.cl/jurel-al-natural-300-g-drenado-cuisine-and-co-1841074/p,2024-10-01,
Jumbo,La Molisana,Pasta Spaghetti Cuadrado La Molisana 500 G,1890,Tallarín,https://www.jumbo.cl/spaghetti-cuadrado-la-molisana-500-g-jumbo-importado/p,2024-10-01,
Jumbo,Noglut,Spaghetti Noglut Sin Gluten 250 G,1910,Tallarín,https://www.jumbo.cl/spaguetti-no-gluten-250-gr-1938915/p,2024-10-01,
Unimarc,Barilla,Pasta Spaghetti N° 5 Barilla 500 G,1940,Tallarín,https://www.unimarc.cl/product/spaguetti-5-barilla-500-gr,2024-10-01,
Jumbo,Martini,Porotos Blancos Martini 500 G,1940,Porotos,https://www.jumbo.cl/porotos-blancos-martini-bolsa-500-g-2/p,2024-10-01,
Santa Isabel,Wasil,Porotos Granados Wasil 380 G,1983,Porotos,https://www.santaisabel.cl/porotos-granados-wasil-caja-380-g-2/p,2024-10-01,
Jumbo,La Molisana,Pasta Spaghetti Lupino La Molisana 400 G,1990,Tallarín,https://www.jumbo.cl/pasta-spaghetti-lupino-la-molisana-400g-1992559/p,2024-10-01,
Jumbo,La Molisana,Pasta Spaghetti La Molisana Integral 500 G,1990,Tallarín,https://www.jumbo.cl/spaghetti-integral-la-molisana-500-g-jumbo-importado/p,2024-10-01,
Jumbo,Frutas Y Verduras Propias,Porotos Verdes Granel,1995,Porotos,https://www.jumbo.cl/porotos-verdes-granel/p,2024-10-01,
Lider,Ecoterra,"Leche Entera Chocolate, 1 L",1999,Leche Entera,https://www.lider.cl/supermercado/product/sku/4623142/ecoterra-leche-entera-chocolate-1-l,2024-10-01,
Lider,Ecoterra,"Leche Entera A2, 1 L",1999,Leche Entera,https://www.lider.cl/supermercado/product/sku/4623136/ecoterra-leche-entera-a2-1-l,2024-10-01,
Jumbo,Wasil,Porotos Granados Wasil 380 G,1999,Porotos,https://www.jumbo.cl/porotos-granados-wasil-caja-380-g-2/p,2024-10-01,
Unimarc,Frutos Del Maipo,Base Porotos Granados Frutos Del Maipo 500 G,2058,Porotos,https://www.unimarc.cl/product/base-porotos-granados-f-del-maipo-500-gr,2024-10-01,
Unimarc,Angelmo,Jurel Angelmo Al Natural 425 G,2090,Jurel,https://www.unimarc.cl/product/jurel-al-natural-angelmo-425-gr,2024-10-01,
Unimarc,Banquete,Poroto Negro Banquete 1 Kg,2100,Porotos,https://www.unimarc.cl/product/porotos-negros-banquete-1-kg,2024-10-01,
Santa Isabel,Cuisine & Co,Jurel En Salsa De Tomate 300 G Drenado,2149,Jurel,https://www.santaisabel.cl/jurel-en-tomate-c-and-c0-300g-dr-1959534/p,2024-10-01,
Unimarc,Martini,Porotos Tórtola Martini G1 500 G,2190,Porotos,https://www.unimarc.cl/product/porotos-tortola-g1-martini-500-gr,2024-10-01,
Santa Isabel,San José,Jurel Al Natural San José Lata 300 G Drenado,2190,Jurel,https://www.santaisabel.cl/jurel-al-natural-lata-300-g-drenado-266192/p,2024-10-01,
Santa Isabel,Naturnes,Picado Naturnes Porotos Con Tallarines 215G,2199,Porotos,https://www.santaisabel.cl/picado-nestle-porotos-con-tallarines-215-g/p,2024-10-01,
Jumbo,Cuisine & Co,Jurel En Salsa De Tomate 300 G Drenado,2199,Jurel,https://www.jumbo.cl/jurel-en-tomate-c-and-c0-300g-1959534/p,2024-10-01,
Unimarc,San Jose,Jurel San José Al Natural Lata 425 G,2210,Jurel,https://www.unimarc.cl/product/jurel-san-jose-al-natural-425-g,2024-10-01,
Jumbo,San José,Medallón De Jurel Al Natural San José 240 G Drenado,2210,Jurel,https://www.jumbo.cl/jurel-medallon-promocional-240-gr-dr-1913557/p,2024-10-01,
Jumbo,Naturnes,Picado Naturnes Porotos Con Tallarines 215G,2219,Tallarín,https://www.jumbo.cl/picado-nestle-porotos-con-tallarines-215-g/p,2024-10-01,
Santa Isabel,Martini,Porotos Tórtola Martini 500 G,2230,Porotos,https://www.santaisabel.cl/porotos-tortola-martini-bolsa-500-g-267013/p,2024-10-01,
Jumbo,Martini,Porotos Tórtola Martini 500 G,2250,Porotos,https://www.jumbo.cl/porotos-tortola-martini-bolsa-500-g-2/p,2024-10-01,
Unimarc,Wasil,Porotos Granados Wasil Tetra 380 G,2310,Porotos,https://www.unimarc.cl/product/porotos-granados-wasil-380-gr,2024-10-01,
Unimarc,Frutos Del Maipo,Porotos Granados Frutos Del Maipo 500 G,2328,Porotos,https://www.unimarc.cl/product/porotos-granados-frutos-del-maipo-500-g,2024-10-01,
Jumbo,Milka,Chocolate De Leche Milka Relleno Con Avellanas Enteras 100 G,2329,Leche Entera,https://www.jumbo.cl/chocolate-milka-whole-nuts-17ca-100g-1993773/p,2024-10-01,
Unimarc,Barilla,Pasta Spaghetti N°5 Barilla Integral 500 G,2380,Tallarín,https://www.unimarc.cl/product/spaghetti-integral-barilla-500-gr,2024-10-01,
Santa Isabel,Carretilla,Porotos Granados Carretilla 300 G,2390,Porotos,https://www.santaisabel.cl/porotos-granados-carretilla-300-g-1967792/p,2024-10-01,
Jumbo,Extra Di Lusso,Spaghetti Cuad Extra Di Lusso 500 G,2390,Tallarín,https://www.jumbo.cl/spaghetti-cuad-extra-di-lusso-500-g/p,2024-10-01,
Unimarc,Banquete,Poroto Hallado Banquete 1 Kg,2400,Porotos,https://www.unimarc.cl/product/porotos-hallados-banquete-1-kg,2024-10-01,
Lider,Wasil,"Porotos Granados Caja, 380 G",2450,Porotos,https://www.lider.cl/supermercado/product/sku/620853/wasil-porotos-granados-caja-380-g,2024-10-01,
Lider,Ecoterra,"Leche Entera De Cabra Libre Pastoreo, 1 L",2475,Leche Entera,https://www.lider.cl/supermercado/product/sku/4540162/ecoterra-leche-entera-de-cabra-libre-pastoreo-1-l,2024-10-01,
Jumbo,Jumbo Artesanal,Spaghetti Al Huevo 500 G,2490,Tallarín,https://www.jumbo.cl/spaghetti-al-huevo-jumbo-artesanal-granel/p,2024-10-01,
Jumbo,Jumbo Artesanal,Spaghetti De Espinaca 500 G,2490,Tallarín,https://www.jumbo.cl/spaghetti-de-espinaca-jumbo-artesanal-granel/p,2024-10-01,
Jumbo,Frutas Y Verduras Propias,Porotos Verdes 500 G,2490,Porotos,https://www.jumbo.cl/porotos-verdes-500-g/p,2024-10-01,
Lider,Lider,"Poroto Negro, 1 Kg",2490,Porotos,https://www.lider.cl/supermercado/product/sku/814963/lider-poroto-negro-1-kg,2024-10-01,
Jumbo,3F,Tallarines De Zanahoria 400 G,2490,Tallarín,https://www.jumbo.cl/tallarines-de-zanahoria-400gr/p,2024-10-01,
Lider,San José,"Jurel Al Natural Sin Sal Agregada Lata, Drenado 300 G - …",2490,Jurel,https://www.lider.cl/supermercado/product/sku/12147/san-jose-jurel-al-natural-sin-sal-agregada-lata-drenado-300-g-neto-425-g,2024-10-01,
Unimarc,Nuestra Cocina,Porotos Negros Nuestra Cocina 1 Kg,2490,Porotos,https://www.unimarc.cl/product/porotos-negros-nuestra-cocina-1-kg,2024-10-01,
Santa Isabel,Cuisine & Co,Porotos Negros Cuisine & Co 1 Kg,2550,Porotos,https://www.santaisabel.cl/poroto-negro-1-kg-cuisine-and-co-1840320/p,2024-10-01,
Lider,Colun,"Leche Entera Proteína A2, 1 L",2550,Leche Entera,https://www.lider.cl/supermercado/product/sku/4647737/colun-leche-entera-proteina-a2-1-l,2024-10-01,
Jumbo,Fisherman,Filete Jurel Ahumado Fisherman 82 G Drenado,2560,Jurel,https://www.jumbo.cl/filete-jurel-ahumado-fisherman-82-gr-dr-1939063/p,2024-10-01,
Jumbo,Cuisine & Co,Porotos Negros Cuisine & Co 1 Kg,2590,Porotos,https://www.jumbo.cl/poroto-negro-1-kg-cuisine-and-co-1840320/p,2024-10-01,
Jumbo,Carozzi,Pasta Spaghetti N°5 Carozzi 1 Kg,2590,Tallarín,https://www.jumbo.cl/spaghetti-n-5-carozzi-bolsa-1-kg-2/p,2024-10-01,
Santa Isabel,Colun,Leche Colun A2 Entera Sin Lactosa 1 L,2599,Leche Entera,https://www.santaisabel.cl/leche-colun-a2-entera-s-l-1lt-1983420/p,2024-10-01,
Jumbo,Colun,Leche Colun A2 Entera Sin Lactosa 1 L,2599,Leche Entera,https://www.jumbo.cl/leche-colun-a2-entera-s-l-1lt-1983420/p,2024-10-01,
Santa Isabel,Lucchetti,Pack 3 Spaghetti Luchetti + Salsa Doypack 220 G,2604,Tallarín,https://www.santaisabel.cl/spaghetti-n-5-lucchetti-3-unid-400-g-c-u-salsa-de-tomates-italiana-200-g/p,2024-10-01,
Unimarc,Minuto Verde,Mix Para Porotos Granados Minuto Verde 500 G,2639,Porotos,https://www.unimarc.cl/product/mix-porotos-granados-minuto-verde-500-g,2024-10-01,
Jumbo,Barilla,Spaghetti N°5 Barilla Italiano Caja 500 G,2650,Tallarín,https://www.jumbo.cl/spaghetti-n-5-barilla-caja-500-g-origen-italiano/p,2024-10-01,
Unimarc,Vivo,Pasta Spaghetti Vivo Sin Gluten 250 G,2660,Tallarín,https://www.unimarc.cl/product/spaghetti-sin-gluten-vivo-250-gr,2024-10-01,
Unimarc,Lucchetti,Pasta Spaghetti N° 5 Lucchetti Sin Gluten 400 G,2660,Tallarín,https://www.unimarc.cl/product/pasta-spaghetti-s-gluten-luccheti-400gr,2024-10-01,
Santa Isabel,San José,Jurel Al Natural San José Reducido En Sodio 300 G Drenado,2670,Jurel,https://www.santaisabel.cl/jurel-san-jose-reducido-en-sodio-300-g-drenado/p,2024-10-01,
Unimarc,Colun,Leche En Polvo Colun Entera Instantánea 400 G,2690,Leche Entera,https://www.unimarc.cl/product/leche-polvo-inst-entera-colun-400-gr,2024-10-01,
Jumbo,San José,Jurel Al Natural San José Reducido En Sodio 300 G Drenado,2690,Jurel,https://www.jumbo.cl/jurel-san-jose-reducido-en-sodio-300-g-drenado/p,2024-10-01,
Unimarc,Minuto Verde,Porotos Granados Minuto Verde Bolsa 500 G,2695,Porotos,https://www.unimarc.cl/product/porotos-granados-mix-bolsa-500-g,2024-10-01,
Jumbo,Cuisine & Co,Palmitos Corte Spaghetti 220 G Drenado,2699,Tallarín,https://www.jumbo.cl/palmitos-corte-spaghetti-220-g-drenado-cuisine-and-co-1869029/p,2024-10-01,
Jumbo,Banquete,Perlitas Porotos Banquete Fácil 220 G,2750,Porotos,https://www.jumbo.cl/perlitas-porotos-banquete-facil-220-gr-1898186/p,2024-10-01,
Unimarc,My Way,Palmitos My Way Corte Spaghetti Lata 400 G,2760,Tallarín,https://www.unimarc.cl/product/palmitos-my-way-400-gr-corte-spaghetti,2024-10-01,
Unimarc,San Jose,Jurel San José Al Natural Reducido En Sal Lata 425 G,2770,Jurel,https://www.unimarc.cl/product/jurel-al-natural-s-sal-san-jose-425gr,2024-10-01,
Jumbo,Bluedragon,Spaghetti De Arroz Blue Dragon 250 G,2790,Tallarín,https://www.jumbo.cl/spaghetti-blue-dragon-250-g-de-arroz/p,2024-10-01,
Unimarc,Iansa Agro,Porotos Tórtola Iansa Agro 1 Kg,2790,Porotos,https://www.unimarc.cl/product/poroto-tortola-iansagro-1-kg,2024-10-01,
Unimarc,Banquete,Poroto Blanco Banquete 1 Kg,2800,Porotos,https://www.unimarc.cl/product/porotos-blanco-natura-banquete-1-kg,2024-10-01,
Jumbo,Soprole,Pack 6 Un. Leche Soprole Entera Natural 200 Ml,2814,Leche Entera,https://www.jumbo.cl/leche-entera-soprole-uht-200ml-x6-1843490-pak/p,2024-10-01,
Jumbo,Iansa Agro,Arvejas Partidas Iansa Agro 1 Kg,2820,Porotos,https://www.jumbo.cl/arvejas-verdes-partidas-1kg-1883626/p,2024-10-01,
Jumbo,Ecoterra,Leche Ecoterra Entera Vacas Libre Pastoreo 1 L,2849,Leche Entera,https://www.jumbo.cl/leche-entera-ecoterra-1lt-1859905/p,2024-10-01,
Santa Isabel,Minuto Verde,Porotos Granados Minuto Verde Mix Congelado 500 G,2872,Porotos,https://www.santaisabel.cl/porotos-granados-mix-congelado-500-g-255348/p,2024-10-01,
Jumbo,Divella,Spaghetti Tomate Espinaca Divella 500 G,2890,Tallarín,https://www.jumbo.cl/spaguetti-tomate-espinaca-divella-500-g/p,2024-10-01,
Jumbo,Martini,Porotos Pelados Martini 500 G,2930,Porotos,https://www.jumbo.cl/porotos-pelados-martini-bolsa-500-g-2/p,2024-10-01,
Unimarc,My Way,Premezcla Hamburguesa Porotos Negros Champiñón My Way 200G,2930,Porotos,https://www.unimarc.cl/product/premez-hambur-p-negro-champi-my-way-200g,2024-10-01,
Unimarc,El Triunfo,Fideos El Triunfo Para Tallarín Salteado 250 G,2940,Tallarín,https://www.unimarc.cl/product/fideos-p-tallarin-salt-el-triunfo-250-gr,2024-10-01,
Jumbo,Ritter Sport,Chocolate De Leche Ritter Sport Con Avellanas Enteras 100 G,2949,Leche Entera,https://www.jumbo.cl/chocolate-ritter-sport-100-g-con-avellanas-enteras/p,2024-10-01,
Santa Isabel,Banquete,Porotos Negros Banquete 1 Kg,2950,Porotos,https://www.santaisabel.cl/porotos-negros-banquete-bolsa-1-kg-2/p,2024-10-01,
Jumbo,Suk,Lentejas Negras Suk 400 G,2970,Porotos,https://www.jumbo.cl/lentejas-negras-400-g/p,2024-10-01,
Unimarc,Banquete,Perlitas Poroto Banquete 220 G,2970,Porotos,https://www.unimarc.cl/product/perlitas-de-poroto-banquete-220-gr,2024-10-01,
Jumbo,Banquete,Porotos Negros Banquete 1 Kg,2980,Porotos,https://www.jumbo.cl/porotos-negros-banquete-bolsa-1-kg-2/p,2024-10-01,
Unimarc,Nuestra Cocina,Porotos Hallados Nuestra Cocina 1 Kg,2990,Porotos,https://www.unimarc.cl/product/porotos-hallados-nuestra-cocina-1-kg,2024-10-01,
Jumbo,San Ignacio,Leche San Ignacio Entera Fresca 1 L,3049,Leche Entera,https://www.jumbo.cl/leche-entera-fresca-san-ignacio-1-l/p,2024-10-01,
Santa Isabel,Cuisine & Co,Porotos Hallados Cuisine & Co 1 Kg,3050,Porotos,https://www.santaisabel.cl/poroto-hallado-1-kg-cuisine-and-co-1840318/p,2024-10-01,
Unimarc,Banquete,Poroto Tórtola Banquete 1 Kg,3050,Porotos,https://www.unimarc.cl/product/porotos-tortola-banquete-1-kg,2024-10-01,
Jumbo,Iansa Agro,Porotos Negros Iansa Agro 1 Kg,3080,Porotos,https://www.jumbo.cl/poroto-negro-iansagro-1kg-1883623/p,2024-10-01,
Lider,Lider,"Poroto Español, 1 Kg",3090,Porotos,https://www.lider.cl/supermercado/product/sku/518269/lider-poroto-espanol-1-kg,2024-10-01,
Jumbo,Cuisine & Co,Porotos Hallados Cuisine & Co 1 Kg,3090,Porotos,https://www.jumbo.cl/poroto-hallado-1-kg-cuisine-and-co-1840318/p,2024-10-01,
Santa Isabel,Cuisine & Co,Porotos Español Cuisine & Co 1 Kg,3110,Porotos,https://www.santaisabel.cl/poroto-espanol-1-kg-cuisine-and-co-1840319/p,2024-10-01,
Unimarc,Barilla,Spaghetti N°5 Barilla Sin Gluten 400 G,3140,Tallarín,https://www.unimarc.cl/product/spaghetti-5-sin-gluten-barilla-400-gr,2024-10-01,
Jumbo,Cuisine & Co,Porotos Español Cuisine & Co 1 Kg,3150,Porotos,https://www.jumbo.cl/poroto-espanol-1-kg-cuisine-and-co-1840319/p,2024-10-01,
Unimarc,Las Hualtatas,Leche Entera De Cabra Las Hualtatas 1 L,3150,Leche Entera,https://www.unimarc.cl/product/leche-entera-de-cabra-ls-hualtatas-750cc,2024-10-01,
Unimarc,Soprole,Leche Entera Natural Soprole 6 Un De 200 Ml,3180,Leche Entera,https://www.unimarc.cl/product/pack-leche-entera-soprole-6-un-de-200-ml,2024-10-01,
Unimarc,Carozzi,Pasta Spaghetti N°5 Carozzi 1 Kg,3210,Tallarín,https://www.unimarc.cl/product/carozzi-spaghetti-n-5-1-kg,2024-10-01,
Santa Isabel,Colun,Pack 6 Un. Leche Colun Entera 200 Ml,3270,Leche Entera,https://www.santaisabel.cl/pack-leche-colun-natural-200-cc-6-unid/p,2024-10-01,
Unimarc,Nuestra Cocina,Porotos Blanco Nuestra Cocina Bolsa 1 Kg,3280,Porotos,https://www.unimarc.cl/product/poroto-espanol-nuestra-cocina-1-kg,2024-10-01,
Unimarc,Iansa Agro,Porotos Blancos Iansa Agro 1 Kg,3290,Porotos,https://www.unimarc.cl/product/poroto-blanco-iansagro-1-kg,2024-10-01,
Jumbo,Colun,Pack 6 Un. Leche Colun Entera 200 Ml,3294,Leche Entera,https://www.jumbo.cl/pack-leche-colun-natural-200-cc-6-unid/p,2024-10-01,
Jumbo,Ecoterra,Leche Ecoterra Entera 1 L,3299,Leche Entera,https://www.jumbo.cl/leche-entera-ecoterra-a2-1lt-1992080/p,2024-10-01,
Santa Isabel,Carozzi,Pack Spaghetti N°5 Carozzi 3 Un. 400 G + Salsa De Tomate 1 Un. 200 G,3370,Tallarín,https://www.santaisabel.cl/spaghetti-n-5-carozzi-pack-3-unid-400-g-c-u-salsa-italiana-200-g/p,2024-10-01,
Santa Isabel,Cuisine & Co,Porotos Tórtola Cuisine & Co 1 Kg,3370,Porotos,https://www.santaisabel.cl/poroto-tortola-1-kg/p,2024-10-01,
Jumbo,Banquete,Porotos Hallados Banquete 1 Kg,3390,Porotos,https://www.jumbo.cl/porotos-hallado-banquete-bolsa-1-kg-2/p,2024-10-01,
Unimarc,Pf Listo,Porotos Pf Listo Estilo Casero 330 G,3400,Porotos,https://www.unimarc.cl/product/porotos-estilo-casero-pf-listo-330-gr,2024-10-01,
Jumbo,Carozzi,Pack Spaghetti N°5 Carozzi 3 Un. 400 G + Salsa De Tomate 1 Un. 200 G,3410,Tallarín,https://www.jumbo.cl/spaghetti-n-5-carozzi-pack-3-unid-400-g-c-u-salsa-italiana-200-g/p,2024-10-01,
Unimarc,Colun,Pack Leche Entera Natural Colun 6 Un De 200 Ml,3420,Leche Entera,https://www.unimarc.cl/product/leche-entera-natural-colun-cajita-6u-x-200ml,2024-10-01,
Jumbo,Barilla,Spaghetti Barilla N°5 Integral Italiano Caja 500 G,3440,Tallarín,https://www.jumbo.cl/spaghetti-n-5-barilla-caja-500-g-integral-origen-italiano/p,2024-10-01,
Lider,Banquete,"Poroto Español Banquete Bolsa, 1 Kg",3450,Porotos,https://www.lider.cl/supermercado/product/sku/314657/banquete-poroto-espanol-banquete-bolsa-1-kg,2024-10-01,
Lider,Frutos Del Maipo,Porotos Granados Congelados 100% Natu…,3490,Porotos,https://www.lider.cl/supermercado/product/sku/279689/frutos-del-maipo-porotos-granados-congelados-100-natural-bolsa-500-g,2024-10-01,
Jumbo,Cuisine & Co,Porotos Tórtola Cuisine & Co 1 Kg,3490,Porotos,https://www.jumbo.cl/porotos-tortola-1-kg/p,2024-10-01,
Jumbo,Bavaria,Porotos Con Riendas Bavaria Lata 400 G,3519,Porotos,https://www.jumbo.cl/porotos-bavaria-lata-400-g-con-riendas/p,2024-10-01,
Unimarc,Iansa Agro,Porotos Negros Iansa Agro 1 Kg,3540,Porotos,https://www.unimarc.cl/product/poroto-negro-iansagro-1-kg,2024-10-01,
Unimarc,Oregon,Porotos Hallados Oregón 1 Kg,3540,Porotos,https://www.unimarc.cl/product/porotos-hallados-oregon-1-kg,2024-10-01,
Unimarc,Nestle,Pack Leche Entera Trencito Nestlé Chocolate 6 Un De 200 Ml,3540,Leche Entera,https://www.unimarc.cl/product/leche-chocolate-entera-trencito-nestle-6-u-x-200-ml,2024-10-01,
Unimarc,Esmeralda,Palmitos Esmeralda Tipo Spaghetti Lata 400 G,3580,Tallarín,https://www.unimarc.cl/product/palmitos-tipo-spaghetti-esmeralda-400gr,2024-10-01,
Lider,Iansa Agro,"Porotos Blancos, 1 Kg",3590,Porotos,https://www.lider.cl/supermercado/product/sku/1052972/iansa-agro-porotos-blancos-1-kg,2024-10-01,
Santa Isabel,Iansa Agro,Porotos Blancos Iansa Agro 1 Kg,3620,Porotos,https://www.santaisabel.cl/porotos-blancos-1-kg/p,2024-10-01,
Santa Isabel,Frutos Del Maipo,Porotos Granados Frutos Del Maipo 500 G,3650,Porotos,https://www.santaisabel.cl/porotos-granados-frutos-del-maipo-bolsa-500-g-congelado/p,2024-10-01,
Jumbo,Iansa Agro,Porotos Blancos Iansa Agro 1 Kg,3650,Porotos,https://www.jumbo.cl/poroto-blanco-iansagro-1883622/p,2024-10-01,
Jumbo,Vivo,Spaghetti Vivo Sin Gluten 400 G,3690,Tallarín,https://www.jumbo.cl/spaghetti-vivo-s-gluten-400-gr-1999395/p,2024-10-01,
Jumbo,Lucchetti,Pack 3 Spaghetti Luchetti + Salsa Doypack 220 G,3790,Tallarín,https://www.jumbo.cl/spaghetti-n-5-lucchetti-3-unid-400-g-c-u-salsa-de-tomates-italiana-200-g/p,2024-10-01,
Unimarc,Palmipasta,Tallarín De Palmitos Palmipasta 400 G,3890,Tallarín,https://www.unimarc.cl/product/palmitos-forma-tallarin-palmipasta-400gr,2024-10-01,
Jumbo,Cuk,Porotos Con Mazamorra 350 G,3890,Porotos,https://www.jumbo.cl/poroto-mazamorra-cuk350-g/p,2024-10-01,
Unimarc,Genial,Porotos Con Mazamorra Genial 380 G,3940,Porotos,https://www.unimarc.cl/product/porotos-c-mazamorra-genial-380-gr,2024-10-01,
Santa Isabel,Banquete,Porotos Blancos Banquete 1 Kg,3960,Porotos,https://www.santaisabel.cl/poroto-espanol-banquete-bolsa-1-kg/p,2024-10-01,
Unimarc,Bavaria,Porotos Con Rienda Bavaria Bandeja 400 G,3970,Porotos,https://www.unimarc.cl/product/porotos-con-riendas-bavaria-400-gr,2024-10-01,
Unimarc,Iansa Agro,Porotos Hallados Iansa Agro 1 Kg,3990,Porotos,https://www.unimarc.cl/product/poroto-hallado-iansagro-1-kg,2024-10-01,
Jumbo,Banquete,Porotos Blancos Banquete 1 Kg,3990,Porotos,https://www.jumbo.cl/poroto-espanol-banquete-bolsa-1-kg/p,2024-10-01,
Unimarc,Oregon,Porotos Tórtola Oregón 1 Kg,4090,Porotos,https://www.unimarc.cl/product/porotos-tortola-oregon-1-kg,2024-10-01,
Santa Isabel,Iansa Agro,Porotos Tórtola Iansa Agro 1 Kg,4190,Porotos,https://www.santaisabel.cl/porotos-tortola-1-kg/p,2024-10-01,
Lider,Banquete,"Poroto Tortola Banquete Bolsa, 1 Kg",4190,Porotos,https://www.lider.cl/supermercado/product/sku/2869/banquete-poroto-tortola-banquete-bolsa-1-kg,2024-10-01,
Santa Isabel,Banquete,Porotos Tórtola Banquete 1 Kg,4250,Porotos,https://www.santaisabel.cl/porotos-tortola-banquete-bolsa-1-kg-2/p,2024-10-01,
Jumbo,Banquete,Porotos Tórtola Banquete 1 Kg,4290,Porotos,https://www.jumbo.cl/porotos-tortola-banquete-bolsa-1-kg-2/p,2024-10-01,
Unimarc,Oregon,Poroto Negro Oregón 1 Kg,4320,Porotos,https://www.unimarc.cl/product/poroto-negro-oregon-1-kg,2024-10-01,
Jumbo,Ilko,Servidor De Tallarines Nylon Ilko New Line,4490,Tallarín,https://www.jumbo.cl/servidor-de-tallarines-nylon-ilko-new-line-ilko-301649/p,2024-10-01,
Jumbo,Hitecsa,Porotos Granados Con Mazamorra Greda,4590,Porotos,https://www.jumbo.cl/porotos-granados-con-mazamorra-greda-1867335/p,2024-10-01,
Unimarc,Oregon,Porotos Blancos Oregón 1 Kg,5090,Porotos,https://www.unimarc.cl/product/porotos-blancos-oregon-1-kg,2024-10-01,
Lider,San José,"Lomos De Jurel Sin Espinas, 500 G",5690,Jurel,https://www.lider.cl/supermercado/product/sku/908109/san-jose-lomos-de-jurel-sin-espinas-500-g,2024-10-01,
Jumbo,Jumbo,Spaghetti Vegetariano 400 G,5990,Tallarín,https://www.jumbo.cl/spaghetti-vegetariano-400g-1964026/p,2024-10-01,
Unimarc,San Jose,Lomos De Jurel San Jose 500 G,6550,Jurel,https://www.unimarc.cl/product/lomos-de-jurel-san-jose-500-gr,2024-10-01,
Jumbo,Surlat,Pack 6 Un. Leche Surlat Entera 1 L,6900,Leche Entera,https://www.jumbo.cl/leche-s-l-entera-surlat-1l-1882658-pak/p,2024-10-01,
Unimarc,Alcafood,Leche En Polvo Alcafood Entera Instantánea Bolsa 800 G,7150,Leche Entera,https://www.unimarc.cl/product/leche-inst-polvo-26-m-g-alcafood-800-gr,2024-10-01,
Santa Isabel,Calo,Leche Polvo Calo Entera 850 G,7179,Leche Entera,https://www.santaisabel.cl/leche-entera-calo-en-polvo-bolsa-900-g-2/p,2024-10-01,
Jumbo,Calo,Leche Polvo Calo Entera 850 G,7229,Leche Entera,https://www.jumbo.cl/leche-entera-calo-en-polvo-bolsa-900-g-2/p,2024-10-01,
Jumbo,Ilko,Rebanador De Porotos Ilko Basic,7290,Porotos,https://www.jumbo.cl/rebanador-de-porotos-ilko-basic-ilko-301510/p,2024-10-01,
Unimarc,Ilko,Rebanador De Porotos Ilko Basic,7590,Porotos,https://www.unimarc.cl/product/rebanador-de-porotos-clasica-ilko,2024-10-01,
Unimarc,Calo,Leche En Polvo Calo Entera Instantánea Bolsa 850 G,7850,Leche Entera,https://www.unimarc.cl/product/leche-polvo-inst-26-mg-calo-sb-900-gr,2024-10-01,
Santa Isabel,Surlat,Pack 6 Un. Leche Surlat Entera 1 L,7914,Leche Entera,https://www.santaisabel.cl/leche-s-l-entera-surlat-1l-1882658-pak/p,2024-10-01,
Santa Isabel,Colun,Leche Polvo Colun Entera 900 G,8190,Leche Entera,https://www.santaisabel.cl/leche-en-polvo-entera-colun-900-g/p,2024-10-01,
Jumbo,Colun,Leche Polvo Colun Entera 900 G,8290,Leche Entera,https://www.jumbo.cl/leche-en-polvo-entera-colun-900-g/p,2024-10-01,
Unimarc,Colun,Leche En Polvo Colun Entera Instantáneo Doypack 900 G,8650,Leche Entera,https://www.unimarc.cl/product/leche-polvo-inst-entera-colun-900-gr,2024-10-01,
Santa Isabel,Nido,Leche Polvo Nido Entera 800 G,9090,Leche Entera,https://www.santaisabel.cl/leche-en-polvo-entera-800-g-1930446/p,2024-10-01,
Unimarc,Calo,Leche En Polvo Calo Entera Instantánea Bolsa 1.440 Kg,9170,Leche Entera,https://www.unimarc.cl/product/leche-polvo-entera-instant-calo-1-440-kg,2024-10-01,
Unimarc,Nido,Leche En Polvo Nido Entera 800 G,9190,Leche Entera,https://www.unimarc.cl/product/leche-en-polvo-intantanea-nido-800-gr,2024-10-01,
Jumbo,Nido,Leche Polvo Nido Entera 800 G,9190,Leche Entera,https://www.jumbo.cl/leche-en-polvo-nido-entera-bolsa-800gr-1930446/p,2024-10-01,
Jumbo,Nido,Leche Polvo Nido Entera 1.35 Kg,10283,Leche Entera,https://www.jumbo.cl/leche-en-polvo-entera-nido-1-35kg-1932750/p,2024-10-01,
Unimarc,Nido,Leche En Polvo Nido Entera Tarro 1.350 G,10290,Leche Entera,https://www.unimarc.cl/product/leche-inst-en-polvo-26-mg-nido-1-350kg,2024-10-01,
Santa Isabel,Surlat,Pack 12 Un. Leche Surlat Entera 1 L,11988,Leche Entera,https://www.santaisabel.cl/leche-entera-surlat-b-a-1l-x12-1991554-pak/p,2024-10-01,
Jumbo,Soprole,Pack 12 Un. Leche Soprole Entera Natural 1 L,12000,Leche Entera,https://www.jumbo.cl/pack-leche-entera-soprole-1-l-12-unid/p,2024-10-01,
Jumbo,Surlat,Pack 12 Un. Leche Surlat Entera 1 L,12000,Leche Entera,https://www.jumbo.cl/leche-entera-surlat-b-a-1l-x12-1991554-pak/p,2024-10-01,
Lider,Colun,"Leche En Polvo Entera Bolsa, 1440 G",12090,Leche Entera,https://www.lider.cl/supermercado/product/sku/693513/colun-leche-en-polvo-entera-bolsa-1440-g,2024-10-01,
Santa Isabel,Calo,Leche Polvo Calo Entera 1.44 Kg,12490,Leche Entera,https://www.santaisabel.cl/leche-polvo-calo-entera-1-44-kg-1972111/p,2024-10-01,
Santa Isabel,Colun,Pack 12 Un. Leche Colun Entera Sin Tapa 1 L,12588,Leche Entera,https://www.santaisabel.cl/pack-leche-entera-colun-sin-tapa-1-l-12-unid/p,2024-10-01,
Jumbo,Calo,Leche Polvo Calo Entera 1.44 Kg,12590,Leche Entera,https://www.jumbo.cl/leche-polvo-calo-entera-1440-gr-1972111/p,2024-10-01,
Unimarc,Loncoleche,Pack Leche Entera Loncoleche 12 Un 1 L,12600,Leche Entera,https://www.unimarc.cl/product/leche-entera-s-t-loncoleche-1-lt-2,2024-10-01,
Santa Isabel,Cuisine & Co,Pack 12 Un. Leche Cuisine & Co Entera 1 L,12708,Leche Entera,https://www.santaisabel.cl/pack-12-un-leche-entera-1-l-cuisine-and-co-1858321-pak/p,2024-10-01,
Jumbo,Cuisine & Co,Pack 12 Un. Leche Cuisine & Co Entera 1 L,12828,Leche Entera,https://www.jumbo.cl/pack-12-un-leche-entera-1-l-cuisine-and-co-1858321-pak/p,2024-10-01,
Santa Isabel,Colun,Leche Polvo Colun Entera 1440 G,12890,Leche Entera,https://www.santaisabel.cl/leche-entera-en-polvo-colun-1-4-kg/p,2024-10-01,
Jumbo,Colun,Leche Polvo Colun Entera 1440 G,12990,Leche Entera,https://www.jumbo.cl/leche-entera-en-polvo-colun-1-4-kg/p,2024-10-01,
Unimarc,Los Peumos,Pack Leche Entera Los Peumos 12 Un De 1 L,13150,Leche Entera,https://www.unimarc.cl/product/leche-entera-tetra-los-peumos-1lt-2,2024-10-01,
Unimarc,Colun,Leche En Polvo Colun Entera Instantánea Bolsa 1.4 Kg,13590,Leche Entera,https://www.unimarc.cl/product/leche-polvo-entera-colun-1-4-kg,2024-10-01,
Santa Isabel,Soprole,Pack 12 Un. Leche Soprole Entera Natural 1 L,14388,Leche Entera,https://www.santaisabel.cl/pack-leche-entera-soprole-1-l-12-unid/p,2024-10-01,
Unimarc,Soprole,Pack Leche Entera Natural Soprole 12 Un De 1 L,14440,Leche Entera,https://www.unimarc.cl/product/leche-entera-natural-soprole-con-tapa-1-l-caja-12-un,2024-10-01,
Santa Isabel,Nido,Leche Polvo Nido Entera 1.35 Kg,14490,Leche Entera,https://www.santaisabel.cl/leche-en-polvo-entera-nido-1-35kg-1932750/p,2024-10-01,
Unimarc,Colun,"Pack Leche Entera Natural Colun, Sin Tapa 12 Un De 1 L",15350,Leche Entera,https://www.unimarc.cl/product/leche-entera-natural-colun-sin-tapa-1-l-caja-12-un,2024-10-01,
Jumbo,Colun,Pack 12 Un. Leche Colun Entera Sin Lactosa 1 L,16668,Leche Entera,https://www.jumbo.cl/pack-leche-entera-sin-lactosa-12-un-1-l-c-u/p,2024-10-01,
Jumbo,Nido,Leche Polvo Nido Entera 1.9 Kg,19350,Leche Entera,https://www.jumbo.cl/leche-nido-entera-1900g-1967860/p,2024-10-01,
